time_window,missing_messages
50,2201
51,2202
52,2202
53,2202
54,2202
55,2202
56,2202
57,2202
58,2202
59,2202
60,2202
61,2202
62,2202
63,2202
64,2202
65,2202
66,2202
67,2202
68,2202
69,2202
70,2202
71,2202
72,2202
73,2202
74,2202
75,2202
76,2202
77,2202
78,2202
79,2202
80,2202
81,2202
82,2202
83,2202
84,2202
85,2202
86,2202
87,2202
88,2202
89,2202
90,2202
91,2202
92,2202
93,2202
94,2202
95,2202
96,2202
97,2202
98,2202
99,2202
100,2201
101,2202
102,2202
103,2202
104,2202
105,2202
106,2202
107,2202
108,2202
109,2202
110,2202
111,2202
112,2202
113,2202
114,2202
115,2202
116,2202
117,2202
118,2202
119,2202
120,2202
121,2202
122,2202
123,2202
124,2202
125,2202
126,2202
127,2202
128,2202
129,2202
130,2202
131,2202
132,2202
133,2202
134,2202
135,2202
136,2202
137,2202
138,2202
139,2202
140,2202
141,2202
142,2202
143,2202
144,2202
145,2202
146,2202
147,2202
148,2202
149,2202
150,2201
151,2202
152,2202
153,2202
154,2202
155,2202
156,2202
157,2202
158,2202
159,2202
160,2202
161,2202
162,2202
163,2202
164,2202
165,2202
166,2202
167,2202
168,2202
169,2202
170,2201
171,2202
172,2202
173,2202
174,2202
175,2202
176,2202
177,2202
178,2202
179,2202
180,2202
181,2202
182,2202
183,2202
184,2202
185,2202
186,2202
187,2202
188,2202
189,2202
190,2202
191,2202
192,2202
193,2202
194,2202
195,2202
196,2202
197,2202
198,2202
199,2202
200,2200
201,2202
202,2202
203,2202
204,2202
205,2202
206,2202
207,2202
208,2202
209,2202
210,2202
211,2202
212,2202
213,2202
214,2202
215,2201
216,2202
217,2202
218,2202
219,2202
220,2202
221,2202
222,2202
223,2202
224,2202
225,2202
226,2202
227,2202
228,2202
229,2202
230,2202
231,2202
232,2202
233,2202
234,2202
235,2202
236,2202
237,2202
238,2202
239,2202
240,2202
241,2202
242,2202
243,2202
244,2202
245,2202
246,2202
247,2202
248,2202
249,2202
250,2201
251,2202
252,2202
253,2202
254,2202
255,2202
256,2202
257,2202
258,2202
259,2202
260,2202
261,2202
262,2202
263,2202
264,2202
265,2202
266,2202
267,2202
268,2202
269,2202
270,2201
271,2202
272,2202
273,2202
274,2202
275,2201
276,2202
277,2202
278,2202
279,2202
280,2202
281,2202
282,2202
283,2202
284,2202
285,2202
286,2202
287,2202
288,2202
289,2202
290,2202
291,2202
292,2202
293,2202
294,2202
295,2202
296,2202
297,2202
298,2202
299,2202
300,2200
301,2202
302,2202
303,2202
304,2202
305,2202
306,2202
307,2202
308,2202
309,2202
310,2202
311,2202
312,2202
313,2202
314,2202
315,2201
316,2202
317,2202
318,2202
319,2202
320,2202
321,2202
322,2202
323,2202
324,2202
325,2202
326,2202
327,2202
328,2202
329,2202
330,2202
331,2202
332,2202
333,2202
334,2202
335,2202
336,2202
337,2202
338,2202
339,2202
340,2202
341,2202
342,2202
343,2202
344,2202
345,2202
346,2202
347,2202
348,2202
349,2202
350,2201
351,2202
352,2202
353,2202
354,2202
355,2202
356,2202
357,2202
358,2202
359,2202
360,2202
361,2202
362,2202
363,2202
364,2202
365,2202
366,2202
367,2202
368,2202
369,2202
370,2201
371,2202
372,2202
373,2202
374,2202
375,2201
376,2201
377,2202
378,2202
379,2202
380,2202
381,2202
382,2202
383,2202
384,2202
385,2202
386,2202
387,2202
388,2202
389,2202
390,2202
391,2202
392,2202
393,2202
394,2202
395,2202
396,2202
397,2202
398,2202
399,2202
400,2200
401,2202
402,2202
403,2202
404,2202
405,2202
406,2202
407,2202
408,2202
409,2202
410,2202
411,2202
412,2202
413,2202
414,2202
415,2201
416,2202
417,2202
418,2202
419,2202
420,2202
421,2202
422,2202
423,2202
424,2202
425,2202
426,2202
427,2202
428,2202
429,2202
430,2202
431,2202
432,2202
433,2202
434,2202
435,2202
436,2202
437,2202
438,2202
439,2202
440,2202
441,2202
442,2202
443,2202
444,2202
445,2202
446,2202
447,2202
448,2202
449,2202
450,2201
451,2202
452,2202
453,2202
454,2202
455,2202
456,2202
457,2202
458,2202
459,2202
460,2202
461,2202
462,2202
463,2202
464,2202
465,2202
466,2202
467,2202
468,2202
469,2202
470,2201
471,2202
472,2202
473,2202
474,2202
475,2201
476,2201
477,2202
478,2202
479,2202
480,2202
481,2202
482,2202
483,2202
484,2202
485,2202
486,2202
487,2202
488,2202
489,2202
490,2202
491,2202
492,2202
493,2202
494,2202
495,2202
496,2202
497,2202
498,2202
499,2202
500,2200
501,2202
502,2202
503,2202
504,2202
505,2202
506,2202
507,2202
508,2202
509,2202
510,2202
511,2202
512,2202
513,2202
514,2202
515,2201
516,2202
517,2202
518,2202
519,2202
520,2202
521,2202
522,2202
523,2202
524,2202
525,2202
526,2202
527,2202
528,2202
529,2202
530,2202
531,2202
532,2202
533,2202
534,2202
535,2202
536,2202
537,2202
538,2202
539,2202
540,2202
541,2202
542,2202
543,2202
544,2202
545,2202
546,2202
547,2202
548,2202
549,2202
550,2201
551,2202
552,2202
553,2202
554,2202
555,2202
556,2202
557,2202
558,2202
559,2202
560,2201
561,2202
562,2202
563,2202
564,2202
565,2202
566,2202
567,2202
568,2202
569,2202
570,2201
571,2201
572,2202
573,2202
574,2202
575,2201
576,2201
577,2202
578,2202
579,2202
580,2202
581,2202
582,2202
583,2202
584,2202
585,2202
586,2201
587,2202
588,2202
589,2202
590,2202
591,2202
592,2202
593,2202
594,2202
595,2202
596,2202
597,2202
598,2202
599,2202
600,2200
601,2202
602,2202
603,2202
604,2202
605,2202
606,2202
607,2202
608,2202
609,2202
610,2202
611,2202
612,2202
613,2202
614,2202
615,2201
616,2202
617,2202
618,2202
619,2202
620,2202
621,2202
622,2202
623,2202
624,2202
625,2202
626,2202
627,2202
628,2202
629,2202
630,2202
631,2202
632,2202
633,2202
634,2202
635,2202
636,2202
637,2202
638,2202
639,2202
640,2202
641,2202
642,2202
643,2202
644,2202
645,2202
646,2201
647,2202
648,2202
649,2202
650,2201
651,2202
652,2202
653,2202
654,2202
655,2202
656,2202
657,2202
658,2202
659,2202
660,2201
661,2202
662,2202
663,2202
664,2202
665,2202
666,2202
667,2202
668,2202
669,2202
670,2201
671,2201
672,2202
673,2202
674,2202
675,2202
676,2201
677,2202
678,2202
679,2202
680,2202
681,2202
682,2202
683,2202
684,2202
685,2202
686,2201
687,2202
688,2202
689,2202
690,2202
691,2202
692,2202
693,2202
694,2202
695,2202
696,2201
697,2202
698,2202
699,2202
700,2200
701,2202
702,2202
703,2202
704,2202
705,2202
706,2202
707,2202
708,2202
709,2202
710,2202
711,2202
712,2202
713,2202
714,2202
715,2201
716,2202
717,2202
718,2202
719,2202
720,2202
721,2202
722,2202
723,2202
724,2202
725,2202
726,2202
727,2202
728,2202
729,2202
730,2202
731,2202
732,2202
733,2202
734,2202
735,2202
736,2202
737,2202
738,2202
739,2202
740,2202
741,2202
742,2202
743,2202
744,2202
745,2202
746,2201
747,2201
748,2202
749,2202
750,2201
751,2202
752,2202
753,2202
754,2202
755,2202
756,2202
757,2202
758,2202
759,2202
760,2201
761,2202
762,2202
763,2202
764,2202
765,2202
766,2202
767,2202
768,2202
769,2202
770,2201
771,2201
772,2202
773,2202
774,2202
775,2202
776,2202
777,2202
778,2202
779,2202
780,2202
781,2202
782,2202
783,2202
784,2202
785,2202
786,2201
787,2202
788,2202
789,2202
790,2202
791,2202
792,2202
793,2202
794,2202
795,2202
796,2201
797,2202
798,2202
799,2202
800,2200
801,2202
802,2202
803,2202
804,2202
805,2202
806,2202
807,2202
808,2202
809,2202
810,2202
811,2202
812,2202
813,2202
814,2202
815,2201
816,2202
817,2202
818,2202
819,2202
820,2202
821,2202
822,2202
823,2202
824,2202
825,2202
826,2202
827,2202
828,2202
829,2202
830,2202
831,2202
832,2202
833,2202
834,2202
835,2202
836,2202
837,2202
838,2202
839,2202
840,2202
841,2202
842,2202
843,2202
844,2202
845,2202
846,2201
847,2201
848,2202
849,2202
850,2201
851,2202
852,2202
853,2202
854,2202
855,2202
856,2202
857,2202
858,2202
859,2202
860,2201
861,2202
862,2202
863,2202
864,2202
865,2202
866,2202
867,2202
868,2202
869,2202
870,2201
871,2201
872,2202
873,2202
874,2202
875,2202
876,2202
877,2202
878,2202
879,2202
880,2202
881,2202
882,2202
883,2202
884,2202
885,2202
886,2201
887,2202
888,2202
889,2202
890,2202
891,2202
892,2202
893,2202
894,2202
895,2202
896,2201
897,2202
898,2202
899,2202
900,2200
901,2202
902,2202
903,2202
904,2202
905,2202
906,2202
907,2202
908,2202
909,2202
910,2202
911,2202
912,2202
913,2202
914,2202
915,2201
916,2202
917,2202
918,2202
919,2202
920,2202
921,2202
922,2202
923,2202
924,2202
925,2202
926,2202
927,2202
928,2202
929,2202
930,2202
931,2202
932,2202
933,2202
934,2202
935,2202
936,2202
937,2202
938,2202
939,2202
940,2202
941,2202
942,2202
943,2202
944,2202
945,2202
946,2201
947,2201
948,2202
949,2202
950,2201
951,2202
952,2202
953,2202
954,2202
955,2202
956,2202
957,2202
958,2202
959,2202
960,2201
961,2202
962,2202
963,2202
964,2202
965,2202
966,2202
967,2202
968,2202
969,2202
970,2202
971,2201
972,2202
973,2202
974,2202
975,2202
976,2202
977,2202
978,2202
979,2202
980,2202
981,2202
982,2202
983,2202
984,2202
985,2202
986,2201
987,2202
988,2202
989,2202
990,2202
991,2202
992,2202
993,2202
994,2202
995,2202
996,2201
997,2202
998,2202
999,2202
1000,2201
1001,2202
1002,2202
1003,2202
1004,2202
1005,2202
1006,2202
1007,2202
1008,2202
1009,2202
1010,2202
1011,2202
1012,2202
1013,2202
1014,2202
1015,2202
1016,2202
1017,2202
1018,2202
1019,2202
1020,2202
1021,2202
1022,2202
1023,2202
1024,2202
1025,2202
1026,2202
1027,2202
1028,2202
1029,2202
1030,2202
1031,2202
1032,2202
1033,2202
1034,2202
1035,2202
1036,2202
1037,2202
1038,2202
1039,2202
1040,2202
1041,2202
1042,2202
1043,2202
1044,2202
1045,2202
1046,2201
1047,2201
1048,2202
1049,2202
1050,2201
1051,2202
1052,2202
1053,2202
1054,2202
1055,2202
1056,2202
1057,2202
1058,2202
1059,2202
1060,2201
1061,2202
1062,2202
1063,2202
1064,2202
1065,2202
1066,2202
1067,2202
1068,2202
1069,2202
1070,2202
1071,2201
1072,2202
1073,2202
1074,2202
1075,2202
1076,2202
1077,2202
1078,2202
1079,2202
1080,2202
1081,2202
1082,2202
1083,2202
1084,2202
1085,2202
1086,2201
1087,2202
1088,2202
1089,2202
1090,2202
1091,2202
1092,2202
1093,2202
1094,2202
1095,2202
1096,2202
1097,2202
1098,2202
1099,2202
1100,2201
1101,2202
1102,2202
1103,2202
1104,2202
1105,2202
1106,2202
1107,2202
1108,2202
1109,2202
1110,2202
1111,2202
1112,2202
1113,2202
1114,2202
1115,2202
1116,2202
1117,2202
1118,2202
1119,2202
1120,2202
1121,2202
1122,2202
1123,2202
1124,2202
1125,2202
1126,2202
1127,2202
1128,2202
1129,2202
1130,2202
1131,2202
1132,2202
1133,2202
1134,2202
1135,2202
1136,2202
1137,2202
1138,2202
1139,2202
1140,2202
1141,2202
1142,2202
1143,2202
1144,2202
1145,2202
1146,2201
1147,2201
1148,2202
1149,2202
1150,2201
1151,2202
1152,2202
1153,2202
1154,2202
1155,2202
1156,2202
1157,2202
1158,2202
1159,2202
1160,2201
1161,2202
1162,2202
1163,2202
1164,2202
1165,2202
1166,2202
1167,2202
1168,2202
1169,2202
1170,2202
1171,2201
1172,2202
1173,2202
1174,2202
1175,2202
1176,2202
1177,2202
1178,2202
1179,2202
1180,2202
1181,2202
1182,2202
1183,2202
1184,2202
1185,2202
1186,2201
1187,2202
1188,2202
1189,2202
1190,2202
1191,2202
1192,2202
1193,2202
1194,2202
1195,2202
1196,2202
1197,2202
1198,2202
1199,2202
1200,2201
1201,2202
1202,2202
1203,2202
1204,2202
1205,2202
1206,2202
1207,2202
1208,2202
1209,2202
1210,2202
1211,2202
1212,2202
1213,2202
1214,2202
1215,2202
1216,2202
1217,2202
1218,2202
1219,2202
1220,2202
1221,2202
1222,2202
1223,2202
1224,2202
1225,2202
1226,2202
1227,2202
1228,2202
1229,2202
1230,2202
1231,2202
1232,2202
1233,2202
1234,2202
1235,2202
1236,2202
1237,2202
1238,2202
1239,2202
1240,2202
1241,2202
1242,2202
1243,2202
1244,2202
1245,2202
1246,2201
1247,2201
1248,2202
1249,2202
1250,2201
1251,2202
1252,2202
1253,2202
1254,2202
1255,2202
1256,2202
1257,2202
1258,2202
1259,2202
1260,2201
1261,2202
1262,2202
1263,2202
1264,2202
1265,2202
1266,2202
1267,2202
1268,2202
1269,2202
1270,2202
1271,2201
1272,2202
1273,2202
1274,2202
1275,2202
1276,2202
1277,2202
1278,2202
1279,2202
1280,2202
1281,2202
1282,2202
1283,2202
1284,2202
1285,2202
1286,2201
1287,2202
1288,2202
1289,2202
1290,2202
1291,2202
1292,2202
1293,2202
1294,2202
1295,2202
1296,2202
1297,2202
1298,2202
1299,2202
1300,2201
1301,2202
1302,2202
1303,2202
1304,2202
1305,2202
1306,2202
1307,2202
1308,2202
1309,2202
1310,2202
1311,2202
1312,2202
1313,2202
1314,2202
1315,2202
1316,2202
1317,2202
1318,2202
1319,2202
1320,2202
1321,2202
1322,2202
1323,2202
1324,2202
1325,2202
1326,2202
1327,2202
1328,2202
1329,2202
1330,2202
1331,2202
1332,2202
1333,2202
1334,2202
1335,2202
1336,2202
1337,2202
1338,2202
1339,2202
1340,2202
1341,2202
1342,2202
1343,2202
1344,2202
1345,2202
1346,2201
1347,2201
1348,2202
1349,2202
1350,2201
1351,2202
1352,2202
1353,2202
1354,2202
1355,2202
1356,2202
1357,2202
1358,2202
1359,2202
1360,2201
1361,2202
1362,2202
1363,2202
1364,2202
1365,2202
1366,2202
1367,2202
1368,2202
1369,2202
1370,2202
1371,2201
1372,2202
1373,2202
1374,2202
1375,2202
1376,2202
1377,2202
1378,2202
1379,2202
1380,2202
1381,2202
1382,2202
1383,2202
1384,2202
1385,2202
1386,2201
1387,2202
1388,2202
1389,2202
1390,2202
1391,2202
1392,2202
1393,2202
1394,2202
1395,2202
1396,2202
1397,2202
1398,2202
1399,2202
1400,2201
1401,2202
1402,2202
1403,2202
1404,2202
1405,2202
1406,2202
1407,2202
1408,2202
1409,2202
1410,2202
1411,2202
1412,2202
1413,2202
1414,2202
1415,2202
1416,2202
1417,2202
1418,2202
1419,2202
1420,2202
1421,2202
1422,2202
1423,2202
1424,2202
1425,2202
1426,2202
1427,2202
1428,2202
1429,2202
1430,2202
1431,2202
1432,2202
1433,2202
1434,2202
1435,2202
1436,2202
1437,2202
1438,2202
1439,2202
1440,2202
1441,2202
1442,2202
1443,2202
1444,2202
1445,2202
1446,2201
1447,2201
1448,2202
1449,2202
1450,2201
1451,2202
1452,2202
1453,2202
1454,2202
1455,2202
1456,2202
1457,2202
1458,2202
1459,2202
1460,2201
1461,2202
1462,2202
1463,2202
1464,2202
1465,2202
1466,2202
1467,2202
1468,2202
1469,2202
1470,2202
1471,2201
1472,2202
1473,2202
1474,2202
1475,2202
1476,2202
1477,2202
1478,2202
1479,2202
1480,2202
1481,2202
1482,2202
1483,2202
1484,2202
1485,2202
1486,2201
1487,2202
1488,2202
1489,2202
1490,2202
1491,2202
1492,2202
1493,2202
1494,2202
1495,2202
1496,2202
1497,2202
1498,2202
1499,2202
1500,2201
1501,2202
1502,2202
1503,2202
1504,2202
1505,2202
1506,2202
1507,2202
1508,2202
1509,2202
1510,2202
1511,2202
1512,2202
1513,2202
1514,2202
1515,2202
1516,2202
1517,2202
1518,2202
1519,2202
1520,2202
1521,2202
1522,2202
1523,2202
1524,2202
1525,2202
1526,2202
1527,2202
1528,2202
1529,2202
1530,2202
1531,2202
1532,2202
1533,2202
1534,2202
1535,2202
1536,2202
1537,2202
1538,2202
1539,2202
1540,2202
1541,2202
1542,2202
1543,2202
1544,2202
1545,2202
1546,2201
1547,2201
1548,2202
1549,2202
1550,2201
1551,2202
1552,2202
1553,2202
1554,2202
1555,2202
1556,2202
1557,2202
1558,2202
1559,2202
1560,2201
1561,2202
1562,2202
1563,2202
1564,2202
1565,2202
1566,2202
1567,2202
1568,2202
1569,2202
1570,2202
1571,2201
1572,2202
1573,2202
1574,2202
1575,2202
1576,2202
1577,2202
1578,2202
1579,2202
1580,2202
1581,2202
1582,2202
1583,2202
1584,2202
1585,2202
1586,2201
1587,2202
1588,2202
1589,2202
1590,2202
1591,2202
1592,2202
1593,2202
1594,2202
1595,2202
1596,2202
1597,2202
1598,2202
1599,2202
1600,2201
1601,2202
1602,2202
1603,2202
1604,2202
1605,2202
1606,2202
1607,2202
1608,2202
1609,2202
1610,2202
1611,2202
1612,2202
1613,2202
1614,2202
1615,2202
1616,2202
1617,2202
1618,2202
1619,2202
1620,2202
1621,2202
1622,2202
1623,2202
1624,2202
1625,2202
1626,2202
1627,2202
1628,2202
1629,2202
1630,2202
1631,2202
1632,2202
1633,2202
1634,2202
1635,2202
1636,2202
1637,2202
1638,2202
1639,2202
1640,2202
1641,2202
1642,2202
1643,2202
1644,2202
1645,2202
1646,2201
1647,2201
1648,2202
1649,2202
1650,2201
1651,2202
1652,2202
1653,2202
1654,2202
1655,2202
1656,2202
1657,2202
1658,2202
1659,2202
1660,2201
1661,2202
1662,2202
1663,2202
1664,2202
1665,2202
1666,2202
1667,2202
1668,2202
1669,2202
1670,2202
1671,2201
1672,2202
1673,2202
1674,2202
1675,2202
1676,2202
1677,2202
1678,2202
1679,2202
1680,2202
1681,2202
1682,2202
1683,2202
1684,2202
1685,2202
1686,2201
1687,2202
1688,2202
1689,2202
1690,2202
1691,2202
1692,2202
1693,2202
1694,2202
1695,2202
1696,2202
1697,2202
1698,2202
1699,2202
1700,2201
1701,2202
1702,2202
1703,2202
1704,2202
1705,2202
1706,2202
1707,2202
1708,2202
1709,2202
1710,2202
1711,2202
1712,2202
1713,2202
1714,2202
1715,2202
1716,2202
1717,2202
1718,2202
1719,2202
1720,2202
1721,2202
1722,2202
1723,2202
1724,2202
1725,2202
1726,2202
1727,2202
1728,2202
1729,2202
1730,2202
1731,2202
1732,2202
1733,2202
1734,2202
1735,2202
1736,2202
1737,2202
1738,2202
1739,2202
1740,2202
1741,2202
1742,2202
1743,2202
1744,2202
1745,2202
1746,2201
1747,2201
1748,2202
1749,2202
1750,2201
1751,2202
1752,2202
1753,2202
1754,2202
1755,2202
1756,2202
1757,2202
1758,2202
1759,2202
1760,2201
1761,2202
1762,2202
1763,2202
1764,2202
1765,2202
1766,2202
1767,2202
1768,2202
1769,2202
1770,2202
1771,2201
1772,2202
1773,2202
1774,2202
1775,2202
1776,2202
1777,2202
1778,2202
1779,2202
1780,2202
1781,2202
1782,2202
1783,2202
1784,2202
1785,2202
1786,2201
1787,2202
1788,2202
1789,2202
1790,2202
1791,2202
1792,2202
1793,2202
1794,2202
1795,2202
1796,2202
1797,2202
1798,2202
1799,2202
1800,2201
1801,2202
1802,2202
1803,2202
1804,2202
1805,2202
1806,2202
1807,2202
1808,2202
1809,2202
1810,2202
1811,2202
1812,2202
1813,2202
1814,2202
1815,2202
1816,2202
1817,2202
1818,2202
1819,2202
1820,2202
1821,2202
1822,2202
1823,2202
1824,2202
1825,2202
1826,2202
1827,2202
1828,2202
1829,2202
1830,2202
1831,2202
1832,2202
1833,2202
1834,2202
1835,2202
1836,2202
1837,2202
1838,2202
1839,2202
1840,2202
1841,2202
1842,2202
1843,2202
1844,2202
1845,2202
1846,2201
1847,2201
1848,2202
1849,2202
1850,2201
1851,2202
1852,2202
1853,2202
1854,2202
1855,2202
1856,2202
1857,2202
1858,2202
1859,2202
1860,2201
1861,2202
1862,2202
1863,2202
1864,2202
1865,2202
1866,2202
1867,2202
1868,2202
1869,2202
1870,2202
1871,2201
1872,2202
1873,2202
1874,2202
1875,2202
1876,2202
1877,2202
1878,2202
1879,2202
1880,2202
1881,2202
1882,2202
1883,2202
1884,2202
1885,2202
1886,2201
1887,2202
1888,2202
1889,2202
1890,2202
1891,2202
1892,2202
1893,2202
1894,2202
1895,2202
1896,2202
1897,2202
1898,2202
1899,2202
1900,2201
1901,2202
1902,2202
1903,2202
1904,2202
1905,2202
1906,2202
1907,2202
1908,2202
1909,2202
1910,2202
1911,2202
1912,2202
1913,2202
1914,2202
1915,2202
1916,2202
1917,2202
1918,2202
1919,2202
1920,2202
1921,2202
1922,2202
1923,2202
1924,2202
1925,2202
1926,2202
1927,2202
1928,2202
1929,2202
1930,2202
1931,2202
1932,2202
1933,2202
1934,2202
1935,2202
1936,2202
1937,2202
1938,2202
1939,2202
1940,2202
1941,2202
1942,2202
1943,2202
1944,2202
1945,2202
1946,2201
1947,2201
1948,2202
1949,2202
1950,2201
1951,2202
1952,2202
1953,2202
1954,2202
1955,2202
1956,2202
1957,2202
1958,2202
1959,2202
1960,2201
1961,2202
1962,2202
1963,2202
1964,2202
1965,2202
1966,2202
1967,2202
1968,2202
1969,2202
1970,2202
1971,2201
1972,2202
1973,2202
1974,2202
1975,2202
1976,2202
1977,2202
1978,2202
1979,2202
1980,2202
1981,2202
1982,2202
1983,2202
1984,2202
1985,2202
1986,2201
1987,2202
1988,2202
1989,2202
1990,2202
1991,2202
1992,2202
1993,2202
1994,2202
1995,2202
1996,2202
1997,2202
1998,2202
1999,2202
2000,2201
2001,2202
2002,2202
2003,2202
2004,2202
2005,2202
2006,2202
2007,2202
2008,2202
2009,2202
2010,2202
2011,2202
2012,2202
2013,2202
2014,2202
2015,2202
2016,2202
2017,2202
2018,2202
2019,2202
2020,2202
2021,2202
2022,2202
2023,2202
2024,2202
2025,2202
2026,2202
2027,2202
2028,2202
2029,2202
2030,2202
2031,2202
2032,2202
2033,2202
2034,2202
2035,2202
2036,2202
2037,2202
2038,2202
2039,2202
2040,2202
2041,2202
2042,2202
2043,2202
2044,2202
2045,2202
2046,2201
2047,2201
2048,2202
2049,2202
2050,2201
2051,2202
2052,2202
2053,2202
2054,2202
2055,2202
2056,2202
2057,2202
2058,2202
2059,2202
2060,2201
2061,2202
2062,2202
2063,2202
2064,2202
2065,2202
2066,2202
2067,2202
2068,2202
2069,2202
2070,2202
2071,2201
2072,2202
2073,2202
2074,2202
2075,2202
2076,2202
2077,2202
2078,2202
2079,2202
2080,2202
2081,2202
2082,2202
2083,2202
2084,2202
2085,2202
2086,2201
2087,2202
2088,2202
2089,2202
2090,2202
2091,2202
2092,2202
2093,2202
2094,2202
2095,2202
2096,2202
2097,2202
2098,2202
2099,2202
2100,2201
2101,2202
2102,2202
2103,2202
2104,2202
2105,2202
2106,2202
2107,2202
2108,2202
2109,2202
2110,2202
2111,2202
2112,2202
2113,2202
2114,2202
2115,2202
2116,2202
2117,2202
2118,2202
2119,2202
2120,2202
2121,2202
2122,2202
2123,2202
2124,2202
2125,2202
2126,2202
2127,2202
2128,2202
2129,2202
2130,2202
2131,2202
2132,2202
2133,2202
2134,2202
2135,2202
2136,2202
2137,2202
2138,2202
2139,2202
2140,2202
2141,2202
2142,2202
2143,2202
2144,2202
2145,2202
2146,2201
2147,2201
2148,2202
2149,2202
2150,2201
2151,2202
2152,2202
2153,2202
2154,2202
2155,2202
2156,2202
2157,2202
2158,2202
2159,2202
2160,2201
2161,2202
2162,2202
2163,2202
2164,2202
2165,2202
2166,2202
2167,2202
2168,2202
2169,2202
2170,2202
2171,2201
2172,2202
2173,2202
2174,2202
2175,2202
2176,2202
2177,2202
2178,2202
2179,2202
2180,2202
2181,2202
2182,2202
2183,2202
2184,2202
2185,2202
2186,2201
2187,2202
2188,2202
2189,2202
2190,2202
2191,2202
2192,2202
2193,2202
2194,2202
2195,2202
2196,2202
2197,2202
2198,2202
2199,2202
2200,2201
2201,2202
2202,2202
2203,2202
2204,2202
2205,2202
2206,2202
2207,2202
2208,2202
2209,2202
2210,2202
2211,2202
2212,2202
2213,2202
2214,2202
2215,2202
2216,2202
2217,2202
2218,2202
2219,2202
2220,2202
2221,2202
2222,2202
2223,2202
2224,2202
2225,2202
2226,2202
2227,2202
2228,2202
2229,2202
2230,2202
2231,2202
2232,2202
2233,2202
2234,2202
2235,2202
2236,2202
2237,2202
2238,2202
2239,2202
2240,2202
2241,2202
2242,2202
2243,2202
2244,2202
2245,2202
2246,2201
2247,2201
2248,2202
2249,2202
2250,2201
2251,2202
2252,2202
2253,2202
2254,2202
2255,2202
2256,2202
2257,2202
2258,2202
2259,2202
2260,2201
2261,2202
2262,2202
2263,2202
2264,2202
2265,2202
2266,2202
2267,2202
2268,2202
2269,2202
2270,2202
2271,2201
2272,2202
2273,2202
2274,2202
2275,2202
2276,2202
2277,2202
2278,2202
2279,2202
2280,2202
2281,2202
2282,2202
2283,2202
2284,2202
2285,2202
2286,2201
2287,2202
2288,2202
2289,2202
2290,2202
2291,2202
2292,2202
2293,2202
2294,2202
2295,2202
2296,2202
2297,2202
2298,2202
2299,2202
2300,2201
2301,2202
2302,2202
2303,2202
2304,2202
2305,2202
2306,2202
2307,2202
2308,2202
2309,2202
2310,2202
2311,2202
2312,2202
2313,2202
2314,2202
2315,2202
2316,2202
2317,2202
2318,2202
2319,2202
2320,2202
2321,2202
2322,2202
2323,2202
2324,2202
2325,2202
2326,2202
2327,2202
2328,2202
2329,2202
2330,2202
2331,2202
2332,2202
2333,2202
2334,2202
2335,2202
2336,2202
2337,2202
2338,2202
2339,2202
2340,2202
2341,2202
2342,2202
2343,2202
2344,2202
2345,2202
2346,2201
2347,2201
2348,2202
2349,2202
2350,2201
2351,2202
2352,2202
2353,2202
2354,2202
2355,2202
2356,2202
2357,2202
2358,2202
2359,2202
2360,2201
2361,2202
2362,2202
2363,2202
2364,2202
2365,2202
2366,2202
2367,2202
2368,2202
2369,2202
2370,2202
2371,2201
2372,2202
2373,2202
2374,2202
2375,2202
2376,2202
2377,2202
2378,2202
2379,2202
2380,2202
2381,2202
2382,2202
2383,2202
2384,2202
2385,2202
2386,2201
2387,2202
2388,2202
2389,2202
2390,2202
2391,2202
2392,2202
2393,2202
2394,2202
2395,2202
2396,2202
2397,2202
2398,2202
2399,2202
2400,2201
2401,2202
2402,2202
2403,2202
2404,2202
2405,2202
2406,2202
2407,2202
2408,2202
2409,2202
2410,2202
2411,2202
2412,2202
2413,2202
2414,2202
2415,2202
2416,2202
2417,2202
2418,2202
2419,2202
2420,2202
2421,2202
2422,2202
2423,2202
2424,2202
2425,2202
2426,2202
2427,2202
2428,2202
2429,2202
2430,2202
2431,2202
2432,2202
2433,2202
2434,2202
2435,2202
2436,2202
2437,2202
2438,2202
2439,2202
2440,2202
2441,2202
2442,2202
2443,2202
2444,2202
2445,2202
2446,2201
2447,2201
2448,2202
2449,2202
2450,2201
2451,2202
2452,2202
2453,2202
2454,2202
2455,2202
2456,2202
2457,2202
2458,2202
2459,2202
2460,2201
2461,2202
2462,2202
2463,2202
2464,2202
2465,2202
2466,2202
2467,2202
2468,2202
2469,2202
2470,2202
2471,2201
2472,2202
2473,2202
2474,2202
2475,2202
2476,2202
2477,2202
2478,2202
2479,2202
2480,2202
2481,2202
2482,2202
2483,2202
2484,2202
2485,2202
2486,2201
2487,2202
2488,2202
2489,2202
2490,2202
2491,2202
2492,2202
2493,2202
2494,2202
2495,2202
2496,2202
2497,2202
2498,2202
2499,2202
2500,2201
2501,2202
2502,2202
2503,2202
2504,2202
2505,2202
2506,2202
2507,2202
2508,2202
2509,2202
2510,2202
2511,2202
2512,2202
2513,2202
2514,2202
2515,2202
2516,2202
2517,2202
2518,2202
2519,2202
2520,2202
2521,2202
2522,2202
2523,2202
2524,2202
2525,2202
2526,2202
2527,2202
2528,2202
2529,2202
2530,2202
2531,2202
2532,2202
2533,2202
2534,2202
2535,2202
2536,2202
2537,2202
2538,2202
2539,2202
2540,2202
2541,2202
2542,2202
2543,2202
2544,2202
2545,2202
2546,2201
2547,2201
2548,2202
2549,2202
2550,2201
2551,2202
2552,2202
2553,2202
2554,2202
2555,2202
2556,2202
2557,2202
2558,2202
2559,2202
2560,2201
2561,2202
2562,2202
2563,2202
2564,2202
2565,2202
2566,2202
2567,2202
2568,2202
2569,2202
2570,2202
2571,2201
2572,2202
2573,2202
2574,2202
2575,2202
2576,2202
2577,2202
2578,2202
2579,2202
2580,2202
2581,2202
2582,2202
2583,2202
2584,2202
2585,2202
2586,2201
2587,2202
2588,2202
2589,2202
2590,2202
2591,2202
2592,2202
2593,2202
2594,2202
2595,2202
2596,2202
2597,2202
2598,2202
2599,2202
2600,2201
2601,2202
2602,2202
2603,2202
2604,2202
2605,2202
2606,2202
2607,2202
2608,2202
2609,2202
2610,2202
2611,2202
2612,2202
2613,2202
2614,2202
2615,2202
2616,2202
2617,2202
2618,2202
2619,2202
2620,2202
2621,2202
2622,2202
2623,2202
2624,2202
2625,2202
2626,2202
2627,2202
2628,2202
2629,2202
2630,2202
2631,2202
2632,2202
2633,2202
2634,2202
2635,2202
2636,2202
2637,2202
2638,2202
2639,2202
2640,2202
2641,2202
2642,2202
2643,2202
2644,2202
2645,2202
2646,2201
2647,2201
2648,2202
2649,2202
2650,2201
2651,2202
2652,2202
2653,2202
2654,2202
2655,2202
2656,2202
2657,2202
2658,2202
2659,2202
2660,2201
2661,2202
2662,2202
2663,2202
2664,2202
2665,2202
2666,2202
2667,2202
2668,2202
2669,2202
2670,2202
2671,2201
2672,2202
2673,2202
2674,2202
2675,2202
2676,2202
2677,2202
2678,2202
2679,2202
2680,2202
2681,2202
2682,2202
2683,2202
2684,2202
2685,2202
2686,2201
2687,2202
2688,2202
2689,2202
2690,2202
2691,2202
2692,2202
2693,2202
2694,2202
2695,2202
2696,2202
2697,2202
2698,2202
2699,2202
2700,2201
2701,2202
2702,2202
2703,2202
2704,2202
2705,2202
2706,2202
2707,2202
2708,2202
2709,2202
2710,2202
2711,2202
2712,2202
2713,2202
2714,2202
2715,2202
2716,2202
2717,2202
2718,2202
2719,2202
2720,2202
2721,2202
2722,2202
2723,2202
2724,2202
2725,2202
2726,2202
2727,2202
2728,2202
2729,2202
2730,2202
2731,2202
2732,2202
2733,2202
2734,2202
2735,2202
2736,2202
2737,2202
2738,2202
2739,2202
2740,2202
2741,2202
2742,2202
2743,2202
2744,2202
2745,2202
2746,2201
2747,2201
2748,2202
2749,2202
2750,2201
2751,2202
2752,2202
2753,2202
2754,2202
2755,2202
2756,2202
2757,2202
2758,2202
2759,2202
2760,2201
2761,2202
2762,2202
2763,2202
2764,2202
2765,2202
2766,2202
2767,2202
2768,2202
2769,2202
2770,2202
2771,2201
2772,2202
2773,2202
2774,2202
2775,2202
2776,2202
2777,2202
2778,2202
2779,2202
2780,2202
2781,2202
2782,2202
2783,2202
2784,2202
2785,2202
2786,2201
2787,2202
2788,2202
2789,2202
2790,2202
2791,2202
2792,2202
2793,2202
2794,2202
2795,2202
2796,2202
2797,2202
2798,2202
2799,2202
2800,2201
2801,2202
2802,2202
2803,2202
2804,2202
2805,2202
2806,2202
2807,2202
2808,2202
2809,2202
2810,2202
2811,2202
2812,2202
2813,2202
2814,2202
2815,2202
2816,2202
2817,2202
2818,2202
2819,2202
2820,2202
2821,2202
2822,2202
2823,2202
2824,2202
2825,2202
2826,2202
2827,2202
2828,2202
2829,2202
2830,2202
2831,2202
2832,2202
2833,2202
2834,2202
2835,2202
2836,2202
2837,2202
2838,2202
2839,2202
2840,2202
2841,2202
2842,2202
2843,2202
2844,2202
2845,2202
2846,2201
2847,2201
2848,2202
2849,2202
2850,2201
2851,2202
2852,2202
2853,2202
2854,2202
2855,2202
2856,2202
2857,2202
2858,2202
2859,2202
2860,2201
2861,2202
2862,2202
2863,2202
2864,2202
2865,2202
2866,2202
2867,2202
2868,2202
2869,2202
2870,2202
2871,2201
2872,2202
2873,2202
2874,2202
2875,2202
2876,2202
2877,2202
2878,2202
2879,2202
2880,2202
2881,2202
2882,2202
2883,2202
2884,2202
2885,2202
2886,2201
2887,2202
2888,2202
2889,2202
2890,2202
2891,2202
2892,2202
2893,2202
2894,2202
2895,2202
2896,2202
2897,2202
2898,2202
2899,2202
2900,2201
2901,2202
2902,2202
2903,2202
2904,2202
2905,2202
2906,2202
2907,2202
2908,2202
2909,2202
2910,2202
2911,2202
2912,2202
2913,2202
2914,2202
2915,2202
2916,2202
2917,2202
2918,2202
2919,2202
2920,2202
2921,2202
2922,2202
2923,2202
2924,2202
2925,2202
2926,2202
2927,2202
2928,2202
2929,2202
2930,2202
2931,2202
2932,2202
2933,2202
2934,2202
2935,2202
2936,2202
2937,2202
2938,2202
2939,2202
2940,2202
2941,2202
2942,2202
2943,2202
2944,2202
2945,2202
2946,2201
2947,2201
2948,2202
2949,2202
2950,2201
2951,2202
2952,2202
2953,2202
2954,2202
2955,2202
2956,2202
2957,2202
2958,2202
2959,2202
2960,2201
2961,2202
2962,2202
2963,2202
2964,2202
2965,2202
2966,2202
2967,2202
2968,2202
2969,2202
2970,2202
2971,2201
2972,2202
2973,2202
2974,2202
2975,2202
2976,2202
2977,2202
2978,2202
2979,2202
2980,2202
2981,2202
2982,2202
2983,2202
2984,2202
2985,2202
2986,2201
2987,2202
2988,2202
2989,2202
2990,2202
2991,2202
2992,2202
2993,2202
2994,2202
2995,2202
2996,2202
2997,2202
2998,2202
2999,2202
3000,2201
3001,2202
3002,2202
3003,2202
3004,2202
3005,2202
3006,2202
3007,2202
3008,2202
3009,2202
3010,2202
3011,2202
3012,2202
3013,2202
3014,2202
3015,2202
3016,2202
3017,2202
3018,2202
3019,2202
3020,2202
3021,2202
3022,2202
3023,2202
3024,2202
3025,2202
3026,2202
3027,2202
3028,2202
3029,2202
3030,2202
3031,2202
3032,2202
3033,2202
3034,2202
3035,2202
3036,2202
3037,2202
3038,2202
3039,2202
3040,2202
3041,2202
3042,2202
3043,2202
3044,2202
3045,2202
3046,2201
3047,2201
3048,2202
3049,2202
3050,2201
3051,2202
3052,2202
3053,2202
3054,2202
3055,2202
3056,2202
3057,2202
3058,2202
3059,2202
3060,2201
3061,2202
3062,2202
3063,2202
3064,2202
3065,2202
3066,2202
3067,2202
3068,2202
3069,2202
3070,2202
3071,2201
3072,2202
3073,2202
3074,2202
3075,2202
3076,2202
3077,2202
3078,2202
3079,2202
3080,2202
3081,2202
3082,2202
3083,2202
3084,2202
3085,2202
3086,2201
3087,2202
3088,2202
3089,2202
3090,2202
3091,2202
3092,2202
3093,2202
3094,2202
3095,2202
3096,2202
3097,2202
3098,2202
3099,2202
3100,2201
3101,2202
3102,2202
3103,2202
3104,2202
3105,2202
3106,2202
3107,2202
3108,2202
3109,2202
3110,2202
3111,2202
3112,2202
3113,2202
3114,2202
3115,2202
3116,2202
3117,2202
3118,2202
3119,2202
3120,2202
3121,2202
3122,2202
3123,2202
3124,2202
3125,2202
3126,2202
3127,2202
3128,2202
3129,2202
3130,2202
3131,2202
3132,2202
3133,2202
3134,2202
3135,2202
3136,2202
3137,2202
3138,2202
3139,2202
3140,2202
3141,2202
3142,2202
3143,2202
3144,2202
3145,2202
3146,2201
3147,2201
3148,2202
3149,2202
3150,2201
3151,2202
3152,2202
3153,2202
3154,2202
3155,2202
3156,2202
3157,2202
3158,2202
3159,2202
3160,2201
3161,2202
3162,2202
3163,2202
3164,2202
3165,2202
3166,2202
3167,2202
3168,2202
3169,2202
3170,2202
3171,2201
3172,2202
3173,2202
3174,2202
3175,2202
3176,2202
3177,2202
3178,2202
3179,2202
3180,2202
3181,2202
3182,2202
3183,2202
3184,2202
3185,2202
3186,2201
3187,2202
3188,2202
3189,2202
3190,2202
3191,2202
3192,2202
3193,2202
3194,2202
3195,2202
3196,2202
3197,2202
3198,2202
3199,2202
3200,2201
3201,2202
3202,2202
3203,2202
3204,2202
3205,2202
3206,2202
3207,2202
3208,2202
3209,2202
3210,2202
3211,2202
3212,2202
3213,2202
3214,2202
3215,2202
3216,2202
3217,2202
3218,2202
3219,2202
3220,2202
3221,2202
3222,2202
3223,2202
3224,2202
3225,2202
3226,2202
3227,2202
3228,2202
3229,2202
3230,2202
3231,2202
3232,2202
3233,2202
3234,2202
3235,2202
3236,2202
3237,2202
3238,2202
3239,2202
3240,2202
3241,2202
3242,2202
3243,2202
3244,2202
3245,2202
3246,2201
3247,2201
3248,2202
3249,2202
3250,2201
3251,2202
3252,2202
3253,2202
3254,2202
3255,2202
3256,2202
3257,2202
3258,2202
3259,2202
3260,2201
3261,2202
3262,2202
3263,2202
3264,2202
3265,2202
3266,2202
3267,2202
3268,2202
3269,2202
3270,2202
3271,2201
3272,2202
3273,2202
3274,2202
3275,2202
3276,2202
3277,2202
3278,2202
3279,2202
3280,2202
3281,2202
3282,2202
3283,2202
3284,2202
3285,2202
3286,2201
3287,2202
3288,2202
3289,2202
3290,2202
3291,2202
3292,2202
3293,2202
3294,2202
3295,2202
3296,2202
3297,2202
3298,2202
3299,2202
3300,2201
3301,2202
3302,2202
3303,2202
3304,2202
3305,2202
3306,2202
3307,2202
3308,2202
3309,2202
3310,2202
3311,2202
3312,2202
3313,2202
3314,2202
3315,2202
3316,2202
3317,2202
3318,2202
3319,2202
3320,2202
3321,2202
3322,2202
3323,2202
3324,2202
3325,2202
3326,2202
3327,2202
3328,2202
3329,2202
3330,2202
3331,2202
3332,2202
3333,2202
3334,2202
3335,2202
3336,2202
3337,2202
3338,2202
3339,2202
3340,2202
3341,2202
3342,2202
3343,2202
3344,2202
3345,2202
3346,2201
3347,2201
3348,2202
3349,2202
3350,2201
3351,2202
3352,2202
3353,2202
3354,2202
3355,2202
3356,2202
3357,2202
3358,2202
3359,2202
3360,2201
3361,2202
3362,2202
3363,2202
3364,2202
3365,2202
3366,2202
3367,2202
3368,2202
3369,2202
3370,2202
3371,2201
3372,2202
3373,2202
3374,2202
3375,2202
3376,2202
3377,2202
3378,2202
3379,2202
3380,2202
3381,2202
3382,2202
3383,2202
3384,2202
3385,2202
3386,2201
3387,2202
3388,2202
3389,2202
3390,2202
3391,2202
3392,2202
3393,2202
3394,2202
3395,2202
3396,2202
3397,2202
3398,2202
3399,2202
3400,2201
3401,2202
3402,2202
3403,2202
3404,2202
3405,2202
3406,2202
3407,2202
3408,2202
3409,2202
3410,2202
3411,2202
3412,2202
3413,2202
3414,2202
3415,2202
3416,2202
3417,2202
3418,2202
3419,2202
3420,2202
3421,2202
3422,2202
3423,2202
3424,2202
3425,2202
3426,2202
3427,2202
3428,2202
3429,2202
3430,2202
3431,2202
3432,2202
3433,2202
3434,2202
3435,2202
3436,2202
3437,2202
3438,2202
3439,2202
3440,2202
3441,2202
3442,2202
3443,2202
3444,2202
3445,2202
3446,2201
3447,2201
3448,2202
3449,2202
3450,2201
3451,2202
3452,2202
3453,2202
3454,2202
3455,2202
3456,2202
3457,2202
3458,2202
3459,2202
3460,2201
3461,2202
3462,2202
3463,2202
3464,2202
3465,2202
3466,2202
3467,2202
3468,2202
3469,2202
3470,2202
3471,2201
3472,2202
3473,2202
3474,2202
3475,2202
3476,2202
3477,2202
3478,2202
3479,2202
3480,2202
3481,2202
3482,2202
3483,2202
3484,2202
3485,2202
3486,2201
3487,2202
3488,2202
3489,2202
3490,2202
3491,2202
3492,2202
3493,2202
3494,2202
3495,2202
3496,2202
3497,2202
3498,2202
3499,2202
3500,2201
3501,2202
3502,2202
3503,2202
3504,2202
3505,2202
3506,2202
3507,2202
3508,2202
3509,2202
3510,2202
3511,2202
3512,2202
3513,2202
3514,2202
3515,2202
3516,2202
3517,2202
3518,2202
3519,2202
3520,2202
3521,2202
3522,2202
3523,2202
3524,2202
3525,2202
3526,2202
3527,2202
3528,2202
3529,2202
3530,2202
3531,2202
3532,2202
3533,2202
3534,2202
3535,2202
3536,2202
3537,2202
3538,2202
3539,2202
3540,2202
3541,2202
3542,2202
3543,2202
3544,2202
3545,2202
3546,2201
3547,2201
3548,2202
3549,2202
3550,2201
3551,2202
3552,2202
3553,2202
3554,2202
3555,2202
3556,2202
3557,2202
3558,2202
3559,2202
3560,2201
3561,2202
3562,2202
3563,2202
3564,2202
3565,2202
3566,2202
3567,2202
3568,2202
3569,2202
3570,2202
3571,2201
3572,2202
3573,2202
3574,2202
3575,2202
3576,2202
3577,2202
3578,2202
3579,2202
3580,2202
3581,2202
3582,2202
3583,2202
3584,2202
3585,2202
3586,2201
3587,2202
3588,2202
3589,2202
3590,2202
3591,2202
3592,2202
3593,2202
3594,2202
3595,2202
3596,2202
3597,2202
3598,2202
3599,2202
3600,2201
3601,2202
3602,2202
3603,2202
3604,2202
3605,2202
3606,2202
3607,2202
3608,2202
3609,2202
3610,2202
3611,2202
3612,2202
3613,2202
3614,2202
3615,2202
3616,2202
3617,2202
3618,2202
3619,2202
3620,2202
3621,2202
3622,2202
3623,2202
3624,2202
3625,2202
3626,2202
3627,2202
3628,2202
3629,2202
3630,2202
3631,2202
3632,2202
3633,2202
3634,2202
3635,2202
3636,2202
3637,2202
3638,2202
3639,2202
3640,2202
3641,2202
3642,2202
3643,2202
3644,2202
3645,2202
3646,2201
3647,2201
3648,2202
3649,2202
3650,2201
3651,2202
3652,2202
3653,2202
3654,2202
3655,2202
3656,2202
3657,2202
3658,2202
3659,2202
3660,2201
3661,2202
3662,2202
3663,2202
3664,2202
3665,2202
3666,2202
3667,2202
3668,2202
3669,2202
3670,2202
3671,2201
3672,2202
3673,2202
3674,2202
3675,2202
3676,2202
3677,2202
3678,2202
3679,2202
3680,2202
3681,2202
3682,2202
3683,2202
3684,2202
3685,2202
3686,2201
3687,2202
3688,2202
3689,2202
3690,2202
3691,2202
3692,2202
3693,2202
3694,2202
3695,2202
3696,2202
3697,2202
3698,2202
3699,2202
3700,2201
3701,2202
3702,2202
3703,2202
3704,2202
3705,2202
3706,2202
3707,2202
3708,2202
3709,2202
3710,2202
3711,2202
3712,2202
3713,2202
3714,2202
3715,2202
3716,2202
3717,2202
3718,2202
3719,2202
3720,2202
3721,2202
3722,2202
3723,2202
3724,2202
3725,2202
3726,2202
3727,2202
3728,2202
3729,2202
3730,2202
3731,2202
3732,2202
3733,2202
3734,2202
3735,2202
3736,2202
3737,2202
3738,2202
3739,2202
3740,2202
3741,2202
3742,2202
3743,2202
3744,2202
3745,2202
3746,2201
3747,2201
3748,2202
3749,2202
3750,2201
3751,2202
3752,2202
3753,2202
3754,2202
3755,2202
3756,2202
3757,2202
3758,2202
3759,2202
3760,2201
3761,2202
3762,2202
3763,2202
3764,2202
3765,2202
3766,2202
3767,2202
3768,2202
3769,2202
3770,2202
3771,2201
3772,2202
3773,2202
3774,2202
3775,2202
3776,2202
3777,2202
3778,2202
3779,2202
3780,2202
3781,2202
3782,2202
3783,2202
3784,2202
3785,2202
3786,2201
3787,2202
3788,2202
3789,2202
3790,2202
3791,2202
3792,2202
3793,2202
3794,2202
3795,2202
3796,2202
3797,2202
3798,2202
3799,2202
3800,2201
3801,2202
3802,2202
3803,2202
3804,2202
3805,2202
3806,2202
3807,2202
3808,2202
3809,2202
3810,2202
3811,2202
3812,2202
3813,2202
3814,2202
3815,2202
3816,2202
3817,2202
3818,2202
3819,2202
3820,2202
3821,2202
3822,2202
3823,2202
3824,2202
3825,2202
3826,2202
3827,2202
3828,2202
3829,2202
3830,2202
3831,2202
3832,2202
3833,2202
3834,2202
3835,2202
3836,2202
3837,2202
3838,2202
3839,2202
3840,2202
3841,2202
3842,2202
3843,2202
3844,2202
3845,2202
3846,2201
3847,2201
3848,2202
3849,2202
3850,2201
3851,2202
3852,2202
3853,2202
3854,2202
3855,2202
3856,2202
3857,2202
3858,2202
3859,2202
3860,2201
3861,2202
3862,2202
3863,2202
3864,2202
3865,2202
3866,2202
3867,2202
3868,2202
3869,2202
3870,2202
3871,2201
3872,2202
3873,2202
3874,2202
3875,2202
3876,2202
3877,2202
3878,2202
3879,2202
3880,2202
3881,2202
3882,2202
3883,2202
3884,2202
3885,2202
3886,2201
3887,2202
3888,2202
3889,2202
3890,2202
3891,2202
3892,2202
3893,2202
3894,2202
3895,2202
3896,2202
3897,2202
3898,2202
3899,2202
3900,2201
3901,2202
3902,2202
3903,2202
3904,2202
3905,2202
3906,2202
3907,2202
3908,2202
3909,2202
3910,2202
3911,2202
3912,2202
3913,2202
3914,2202
3915,2202
3916,2202
3917,2202
3918,2202
3919,2202
3920,2202
3921,2202
3922,2202
3923,2202
3924,2202
3925,2202
3926,2202
3927,2202
3928,2202
3929,2202
3930,2202
3931,2202
3932,2202
3933,2202
3934,2202
3935,2202
3936,2202
3937,2202
3938,2202
3939,2202
3940,2202
3941,2202
3942,2202
3943,2202
3944,2202
3945,2202
3946,2201
3947,2201
3948,2202
3949,2202
3950,2201
3951,2202
3952,2202
3953,2202
3954,2202
3955,2202
3956,2202
3957,2202
3958,2202
3959,2202
3960,2201
3961,2202
3962,2202
3963,2202
3964,2202
3965,2202
3966,2202
3967,2202
3968,2202
3969,2202
3970,2202
3971,2201
3972,2202
3973,2202
3974,2202
3975,2202
3976,2202
3977,2202
3978,2202
3979,2202
3980,2202
3981,2202
3982,2202
3983,2202
3984,2202
3985,2202
3986,2201
3987,2202
3988,2202
3989,2202
3990,2202
3991,2202
3992,2202
3993,2202
3994,2202
3995,2202
3996,2202
3997,2202
3998,2202
3999,2202
4000,2201
4001,2202
4002,2202
4003,2202
4004,2202
4005,2202
4006,2202
4007,2202
4008,2202
4009,2202
4010,2202
4011,2202
4012,2202
4013,2202
4014,2202
4015,2202
4016,2202
4017,2202
4018,2202
4019,2202
4020,2202
4021,2202
4022,2202
4023,2202
4024,2202
4025,2202
4026,2202
4027,2202
4028,2202
4029,2202
4030,2202
4031,2202
4032,2202
4033,2202
4034,2202
4035,2202
4036,2202
4037,2202
4038,2202
4039,2202
4040,2202
4041,2202
4042,2202
4043,2202
4044,2202
4045,2202
4046,2201
4047,2201
4048,2202
4049,2202
4050,2201
4051,2202
4052,2202
4053,2202
4054,2202
4055,2202
4056,2202
4057,2202
4058,2202
4059,2202
4060,2201
4061,2202
4062,2202
4063,2202
4064,2202
4065,2202
4066,2202
4067,2202
4068,2202
4069,2202
4070,2202
4071,2201
4072,2202
4073,2202
4074,2202
4075,2202
4076,2202
4077,2202
4078,2202
4079,2202
4080,2202
4081,2202
4082,2202
4083,2202
4084,2202
4085,2202
4086,2201
4087,2202
4088,2202
4089,2202
4090,2202
4091,2202
4092,2202
4093,2202
4094,2202
4095,2202
4096,2202
4097,2202
4098,2202
4099,2202
4100,2201
4101,2202
4102,2202
4103,2202
4104,2202
4105,2202
4106,2202
4107,2202
4108,2202
4109,2202
4110,2202
4111,2202
4112,2202
4113,2202
4114,2202
4115,2202
4116,2202
4117,2202
4118,2202
4119,2202
4120,2202
4121,2202
4122,2202
4123,2202
4124,2202
4125,2202
4126,2202
4127,2202
4128,2202
4129,2202
4130,2202
4131,2202
4132,2202
4133,2202
4134,2202
4135,2202
4136,2202
4137,2202
4138,2202
4139,2202
4140,2202
4141,2202
4142,2202
4143,2202
4144,2202
4145,2202
4146,2201
4147,2201
4148,2202
4149,2202
4150,2201
4151,2202
4152,2202
4153,2202
4154,2202
4155,2202
4156,2202
4157,2202
4158,2202
4159,2202
4160,2201
4161,2202
4162,2202
4163,2202
4164,2202
4165,2202
4166,2202
4167,2202
4168,2202
4169,2202
4170,2202
4171,2201
4172,2202
4173,2202
4174,2202
4175,2202
4176,2202
4177,2202
4178,2202
4179,2202
4180,2202
4181,2202
4182,2202
4183,2202
4184,2202
4185,2202
4186,2201
4187,2202
4188,2202
4189,2202
4190,2202
4191,2202
4192,2202
4193,2202
4194,2202
4195,2202
4196,2202
4197,2202
4198,2202
4199,2202
4200,2201
4201,2202
4202,2202
4203,2202
4204,2202
4205,2202
4206,2202
4207,2202
4208,2202
4209,2202
4210,2202
4211,2202
4212,2202
4213,2202
4214,2202
4215,2202
4216,2202
4217,2202
4218,2202
4219,2202
4220,2202
4221,2202
4222,2202
4223,2202
4224,2202
4225,2202
4226,2202
4227,2202
4228,2202
4229,2202
4230,2202
4231,2202
4232,2202
4233,2202
4234,2202
4235,2202
4236,2202
4237,2202
4238,2202
4239,2202
4240,2202
4241,2202
4242,2202
4243,2202
4244,2202
4245,2202
4246,2201
4247,2201
4248,2202
4249,2202
4250,2201
4251,2202
4252,2202
4253,2202
4254,2202
4255,2202
4256,2202
4257,2202
4258,2202
4259,2202
4260,2201
4261,2202
4262,2202
4263,2202
4264,2202
4265,2202
4266,2202
4267,2202
4268,2202
4269,2202
4270,2202
4271,2201
4272,2202
4273,2202
4274,2202
4275,2202
4276,2202
4277,2202
4278,2202
4279,2202
4280,2202
4281,2202
4282,2202
4283,2202
4284,2202
4285,2202
4286,2201
4287,2202
4288,2202
4289,2202
4290,2202
4291,2202
4292,2202
4293,2202
4294,2202
4295,2202
4296,2202
4297,2202
4298,2202
4299,2202
4300,2201
4301,2202
4302,2202
4303,2202
4304,2202
4305,2202
4306,2202
4307,2202
4308,2202
4309,2202
4310,2202
4311,2202
4312,2202
4313,2202
4314,2202
4315,2202
4316,2202
4317,2202
4318,2202
4319,2202
4320,2202
4321,2202
4322,2202
4323,2202
4324,2202
4325,2202
4326,2202
4327,2202
4328,2202
4329,2202
4330,2202
4331,2202
4332,2202
4333,2202
4334,2202
4335,2202
4336,2202
4337,2202
4338,2202
4339,2202
4340,2202
4341,2202
4342,2202
4343,2202
4344,2202
4345,2202
4346,2201
4347,2201
4348,2202
4349,2202
4350,2201
4351,2202
4352,2202
4353,2202
4354,2202
4355,2202
4356,2202
4357,2202
4358,2202
4359,2202
4360,2201
4361,2202
4362,2202
4363,2202
4364,2202
4365,2202
4366,2202
4367,2202
4368,2202
4369,2202
4370,2202
4371,2201
4372,2202
4373,2202
4374,2202
4375,2202
4376,2202
4377,2202
4378,2202
4379,2202
4380,2202
4381,2202
4382,2202
4383,2202
4384,2202
4385,2202
4386,2201
4387,2202
4388,2202
4389,2202
4390,2202
4391,2202
4392,2202
4393,2202
4394,2202
4395,2202
4396,2202
4397,2202
4398,2202
4399,2202
4400,2201
4401,2202
4402,2202
4403,2202
4404,2202
4405,2202
4406,2202
4407,2202
4408,2202
4409,2202
4410,2202
4411,2202
4412,2202
4413,2202
4414,2202
4415,2202
4416,2202
4417,2202
4418,2202
4419,2202
4420,2202
4421,2202
4422,2202
4423,2202
4424,2202
4425,2202
4426,2202
4427,2202
4428,2202
4429,2202
4430,2202
4431,2202
4432,2202
4433,2202
4434,2202
4435,2202
4436,2202
4437,2202
4438,2202
4439,2202
4440,2202
4441,2202
4442,2202
4443,2202
4444,2202
4445,2202
4446,2201
4447,2201
4448,2202
4449,2202
4450,2201
4451,2202
4452,2202
4453,2202
4454,2202
4455,2202
4456,2202
4457,2202
4458,2202
4459,2202
4460,2201
4461,2202
4462,2202
4463,2202
4464,2202
4465,2202
4466,2202
4467,2202
4468,2202
4469,2202
4470,2202
4471,2201
4472,2202
4473,2202
4474,2202
4475,2202
4476,2202
4477,2202
4478,2202
4479,2202
4480,2202
4481,2202
4482,2202
4483,2202
4484,2202
4485,2202
4486,2201
4487,2202
4488,2202
4489,2202
4490,2202
4491,2202
4492,2202
4493,2202
4494,2202
4495,2202
4496,2202
4497,2202
4498,2202
4499,2202
4500,2201
4501,2202
4502,2202
4503,2202
4504,2202
4505,2202
4506,2202
4507,2202
4508,2202
4509,2202
4510,2202
4511,2202
4512,2202
4513,2202
4514,2202
4515,2202
4516,2202
4517,2202
4518,2202
4519,2202
4520,2202
4521,2202
4522,2202
4523,2202
4524,2202
4525,2202
4526,2202
4527,2202
4528,2202
4529,2202
4530,2202
4531,2202
4532,2202
4533,2202
4534,2202
4535,2202
4536,2202
4537,2202
4538,2202
4539,2202
4540,2202
4541,2202
4542,2202
4543,2202
4544,2202
4545,2202
4546,2201
4547,2201
4548,2202
4549,2202
4550,2201
4551,2202
4552,2202
4553,2202
4554,2202
4555,2202
4556,2202
4557,2202
4558,2202
4559,2202
4560,2201
4561,2202
4562,2202
4563,2202
4564,2202
4565,2202
4566,2202
4567,2202
4568,2202
4569,2202
4570,2202
4571,2201
4572,2202
4573,2202
4574,2202
4575,2202
4576,2202
4577,2202
4578,2202
4579,2202
4580,2202
4581,2202
4582,2202
4583,2202
4584,2202
4585,2202
4586,2201
4587,2202
4588,2202
4589,2202
4590,2202
4591,2202
4592,2202
4593,2202
4594,2202
4595,2202
4596,2202
4597,2202
4598,2202
4599,2202
4600,2201
4601,2202
4602,2202
4603,2202
4604,2202
4605,2202
4606,2202
4607,2202
4608,2202
4609,2202
4610,2202
4611,2202
4612,2202
4613,2202
4614,2202
4615,2202
4616,2202
4617,2202
4618,2202
4619,2202
4620,2202
4621,2202
4622,2202
4623,2202
4624,2202
4625,2202
4626,2202
4627,2202
4628,2202
4629,2202
4630,2202
4631,2202
4632,2202
4633,2202
4634,2202
4635,2202
4636,2202
4637,2202
4638,2202
4639,2202
4640,2202
4641,2202
4642,2202
4643,2202
4644,2202
4645,2202
4646,2201
4647,2201
4648,2202
4649,2202
4650,2201
4651,2202
4652,2202
4653,2202
4654,2202
4655,2202
4656,2202
4657,2202
4658,2202
4659,2202
4660,2201
4661,2202
4662,2202
4663,2202
4664,2202
4665,2202
4666,2202
4667,2202
4668,2202
4669,2202
4670,2202
4671,2201
4672,2202
4673,2202
4674,2202
4675,2202
4676,2202
4677,2202
4678,2202
4679,2202
4680,2202
4681,2202
4682,2202
4683,2202
4684,2202
4685,2202
4686,2201
4687,2202
4688,2202
4689,2202
4690,2202
4691,2202
4692,2202
4693,2202
4694,2202
4695,2202
4696,2202
4697,2202
4698,2202
4699,2202
4700,2201
4701,2202
4702,2202
4703,2202
4704,2202
4705,2202
4706,2202
4707,2202
4708,2202
4709,2202
4710,2202
4711,2202
4712,2202
4713,2202
4714,2202
4715,2202
4716,2202
4717,2202
4718,2202
4719,2202
4720,2202
4721,2202
4722,2202
4723,2202
4724,2202
4725,2202
4726,2202
4727,2202
4728,2202
4729,2202
4730,2202
4731,2202
4732,2202
4733,2202
4734,2202
4735,2202
4736,2202
4737,2202
4738,2202
4739,2202
4740,2202
4741,2202
4742,2202
4743,2202
4744,2202
4745,2202
4746,2201
4747,2201
4748,2202
4749,2202
4750,2201
4751,2202
4752,2202
4753,2202
4754,2202
4755,2202
4756,2202
4757,2202
4758,2202
4759,2202
4760,2201
4761,2202
4762,2202
4763,2202
4764,2202
4765,2202
4766,2202
4767,2202
4768,2202
4769,2202
4770,2202
4771,2201
4772,2202
4773,2202
4774,2202
4775,2202
4776,2202
4777,2202
4778,2202
4779,2202
4780,2202
4781,2202
4782,2202
4783,2202
4784,2202
4785,2202
4786,2201
4787,2202
4788,2202
4789,2202
4790,2202
4791,2202
4792,2202
4793,2202
4794,2202
4795,2202
4796,2202
4797,2202
4798,2202
4799,2202
4800,2201
4801,2202
4802,2202
4803,2202
4804,2202
4805,2202
4806,2202
4807,2202
4808,2202
4809,2202
4810,2202
4811,2202
4812,2202
4813,2202
4814,2202
4815,2202
4816,2202
4817,2202
4818,2202
4819,2202
4820,2202
4821,2202
4822,2202
4823,2202
4824,2202
4825,2202
4826,2202
4827,2202
4828,2202
4829,2202
4830,2202
4831,2202
4832,2202
4833,2202
4834,2202
4835,2202
4836,2202
4837,2202
4838,2202
4839,2202
4840,2202
4841,2202
4842,2202
4843,2202
4844,2202
4845,2202
4846,2201
4847,2201
4848,2202
4849,2202
4850,2201
4851,2202
4852,2202
4853,2202
4854,2202
4855,2202
4856,2202
4857,2202
4858,2202
4859,2202
4860,2201
4861,2202
4862,2202
4863,2202
4864,2202
4865,2202
4866,2202
4867,2202
4868,2202
4869,2202
4870,2202
4871,2201
4872,2202
4873,2202
4874,2202
4875,2202
4876,2202
4877,2202
4878,2202
4879,2202
4880,2202
4881,2202
4882,2202
4883,2202
4884,2202
4885,2202
4886,2201
4887,2202
4888,2202
4889,2202
4890,2202
4891,2202
4892,2202
4893,2202
4894,2202
4895,2202
4896,2202
4897,2202
4898,2202
4899,2202
4900,2201
4901,2202
4902,2202
4903,2202
4904,2202
4905,2202
4906,2202
4907,2202
4908,2202
4909,2202
4910,2202
4911,2202
4912,2202
4913,2202
4914,2202
4915,2202
4916,2202
4917,2202
4918,2202
4919,2202
4920,2202
4921,2202
4922,2202
4923,2202
4924,2202
4925,2202
4926,2202
4927,2202
4928,2202
4929,2202
4930,2202
4931,2202
4932,2202
4933,2202
4934,2202
4935,2202
4936,2202
4937,2202
4938,2202
4939,2202
4940,2202
4941,2202
4942,2202
4943,2202
4944,2202
4945,2202
4946,2201
4947,2201
4948,2202
4949,2202
4950,2201
4951,2202
4952,2202
4953,2202
4954,2202
4955,2202
4956,2202
4957,2202
4958,2202
4959,2202
4960,2201
4961,2202
4962,2202
4963,2202
4964,2202
4965,2202
4966,2202
4967,2202
4968,2202
4969,2202
4970,2202
4971,2201
4972,2202
4973,2202
4974,2202
4975,2202
4976,2202
4977,2202
4978,2202
4979,2202
4980,2202
4981,2202
4982,2202
4983,2202
4984,2202
4985,2202
4986,2201
4987,2202
4988,2202
4989,2202
4990,2202
4991,2202
4992,2202
4993,2202
4994,2202
4995,2202
4996,2202
4997,2202
4998,2202
4999,2202
5000,2201
5001,2202
5002,2202
5003,2202
5004,2202
5005,2202
5006,2202
5007,2202
5008,2202
5009,2202
5010,2202
5011,2202
5012,2202
5013,2202
5014,2202
5015,2202
5016,2202
5017,2202
5018,2202
5019,2202
5020,2202
5021,2202
5022,2202
5023,2202
5024,2202
5025,2202
5026,2202
5027,2202
5028,2202
5029,2202
5030,2202
5031,2202
5032,2202
5033,2202
5034,2202
5035,2202
5036,2202
5037,2202
5038,2202
5039,2202
5040,2202
5041,2202
5042,2202
5043,2202
5044,2202
5045,2202
5046,2201
5047,2201
5048,2202
5049,2202
5050,2201
5051,2202
5052,2202
5053,2202
5054,2202
5055,2202
5056,2202
5057,2202
5058,2202
5059,2202
5060,2201
5061,2202
5062,2202
5063,2202
5064,2202
5065,2202
5066,2202
5067,2202
5068,2202
5069,2202
5070,2202
5071,2201
5072,2202
5073,2202
5074,2202
5075,2202
5076,2202
5077,2202
5078,2202
5079,2202
5080,2202
5081,2202
5082,2202
5083,2202
5084,2202
5085,2202
5086,2201
5087,2202
5088,2202
5089,2202
5090,2202
5091,2202
5092,2202
5093,2202
5094,2202
5095,2202
5096,2202
5097,2202
5098,2202
5099,2202
5100,2201
5101,2202
5102,2202
5103,2202
5104,2202
5105,2202
5106,2202
5107,2202
5108,2202
5109,2202
5110,2202
5111,2202
5112,2202
5113,2202
5114,2202
5115,2202
5116,2202
5117,2202
5118,2202
5119,2202
5120,2202
5121,2202
5122,2202
5123,2202
5124,2202
5125,2202
5126,2202
5127,2202
5128,2202
5129,2202
5130,2202
5131,2202
5132,2202
5133,2202
5134,2202
5135,2202
5136,2202
5137,2202
5138,2202
5139,2202
5140,2202
5141,2202
5142,2202
5143,2202
5144,2202
5145,2202
5146,2201
5147,2201
5148,2202
5149,2202
5150,2201
5151,2202
5152,2202
5153,2202
5154,2202
5155,2202
5156,2202
5157,2202
5158,2202
5159,2202
5160,2201
5161,2202
5162,2202
5163,2202
5164,2202
5165,2202
5166,2202
5167,2202
5168,2202
5169,2202
5170,2202
5171,2201
5172,2202
5173,2202
5174,2202
5175,2202
5176,2202
5177,2202
5178,2202
5179,2202
5180,2202
5181,2202
5182,2202
5183,2202
5184,2202
5185,2202
5186,2201
5187,2202
5188,2202
5189,2202
5190,2202
5191,2202
5192,2202
5193,2202
5194,2202
5195,2202
5196,2202
5197,2202
5198,2202
5199,2202
5200,2201
5201,2202
5202,2202
5203,2202
5204,2202
5205,2202
5206,2202
5207,2202
5208,2202
5209,2202
5210,2202
5211,2202
5212,2202
5213,2202
5214,2202
5215,2202
5216,2202
5217,2202
5218,2202
5219,2202
5220,2202
5221,2202
5222,2202
5223,2202
5224,2202
5225,2202
5226,2202
5227,2202
5228,2202
5229,2202
5230,2202
5231,2202
5232,2202
5233,2202
5234,2202
5235,2202
5236,2202
5237,2202
5238,2202
5239,2202
5240,2202
5241,2202
5242,2202
5243,2202
5244,2202
5245,2202
5246,2201
5247,2201
5248,2202
5249,2202
5250,2201
5251,2202
5252,2202
5253,2202
5254,2202
5255,2202
5256,2202
5257,2202
5258,2202
5259,2202
5260,2201
5261,2202
5262,2202
5263,2202
5264,2202
5265,2202
5266,2202
5267,2202
5268,2202
5269,2202
5270,2202
5271,2201
5272,2202
5273,2202
5274,2202
5275,2202
5276,2202
5277,2202
5278,2202
5279,2202
5280,2202
5281,2202
5282,2202
5283,2202
5284,2202
5285,2202
5286,2201
5287,2202
5288,2202
5289,2202
5290,2202
5291,2202
5292,2202
5293,2202
5294,2202
5295,2202
5296,2202
5297,2202
5298,2202
5299,2202
5300,2201
5301,2202
5302,2202
5303,2202
5304,2202
5305,2202
5306,2202
5307,2202
5308,2202
5309,2202
5310,2202
5311,2202
5312,2202
5313,2202
5314,2202
5315,2202
5316,2202
5317,2202
5318,2202
5319,2202
5320,2202
5321,2202
5322,2202
5323,2202
5324,2202
5325,2202
5326,2202
5327,2202
5328,2202
5329,2202
5330,2202
5331,2202
5332,2202
5333,2202
5334,2202
5335,2202
5336,2202
5337,2202
5338,2202
5339,2202
5340,2202
5341,2202
5342,2202
5343,2202
5344,2202
5345,2202
5346,2201
5347,2201
5348,2202
5349,2202
5350,2201
5351,2202
5352,2202
5353,2202
5354,2202
5355,2202
5356,2202
5357,2202
5358,2202
5359,2202
5360,2201
5361,2202
5362,2202
5363,2202
5364,2202
5365,2202
5366,2202
5367,2202
5368,2202
5369,2202
5370,2202
5371,2201
5372,2202
5373,2202
5374,2202
5375,2202
5376,2202
5377,2202
5378,2202
5379,2202
5380,2202
5381,2202
5382,2202
5383,2202
5384,2202
5385,2202
5386,2201
5387,2202
5388,2202
5389,2202
5390,2202
5391,2202
5392,2202
5393,2202
5394,2202
5395,2202
5396,2202
5397,2202
5398,2202
5399,2202
5400,2201
5401,2202
5402,2202
5403,2202
5404,2202
5405,2202
5406,2202
5407,2202
5408,2202
5409,2202
5410,2202
5411,2202
5412,2202
5413,2202
5414,2202
5415,2202
5416,2202
5417,2202
5418,2202
5419,2202
5420,2202
5421,2202
5422,2202
5423,2202
5424,2202
5425,2202
5426,2202
5427,2202
5428,2202
5429,2202
5430,2202
5431,2202
5432,2202
5433,2202
5434,2202
5435,2202
5436,2202
5437,2202
5438,2202
5439,2202
5440,2202
5441,2202
5442,2202
5443,2202
5444,2202
5445,2202
5446,2201
5447,2201
5448,2202
5449,2202
5450,2201
5451,2202
5452,2202
5453,2202
5454,2202
5455,2202
5456,2202
5457,2202
5458,2202
5459,2202
5460,2201
5461,2202
5462,2202
5463,2202
5464,2202
5465,2202
5466,2202
5467,2202
5468,2202
5469,2202
5470,2202
5471,2201
5472,2202
5473,2202
5474,2202
5475,2202
5476,2202
5477,2202
5478,2202
5479,2202
5480,2202
5481,2202
5482,2202
5483,2202
5484,2202
5485,2202
5486,2201
5487,2202
5488,2202
5489,2202
5490,2202
5491,2202
5492,2202
5493,2202
5494,2202
5495,2202
5496,2202
5497,2202
5498,2202
5499,2202
5500,2201
5501,2202
5502,2202
5503,2202
5504,2202
5505,2202
5506,2202
5507,2202
5508,2202
5509,2202
5510,2202
5511,2202
5512,2202
5513,2202
5514,2202
5515,2202
5516,2202
5517,2202
5518,2202
5519,2202
5520,2202
5521,2202
5522,2202
5523,2202
5524,2202
5525,2202
5526,2202
5527,2202
5528,2202
5529,2202
5530,2202
5531,2202
5532,2202
5533,2202
5534,2202
5535,2202
5536,2202
5537,2202
5538,2202
5539,2202
5540,2202
5541,2202
5542,2202
5543,2202
5544,2202
5545,2202
5546,2201
5547,2201
5548,2202
5549,2202
5550,2201
5551,2202
5552,2202
5553,2202
5554,2202
5555,2202
5556,2202
5557,2202
5558,2202
5559,2202
5560,2200
5561,2202
5562,2202
5563,2202
5564,2202
5565,2202
5566,2202
5567,2202
5568,2202
5569,2202
5570,2202
5571,2201
5572,2202
5573,2202
5574,2202
5575,2202
5576,2202
5577,2202
5578,2202
5579,2202
5580,2202
5581,2201
5582,2202
5583,2202
5584,2202
5585,2202
5586,2201
5587,2202
5588,2202
5589,2202
5590,2202
5591,2202
5592,2202
5593,2202
5594,2202
5595,2202
5596,2201
5597,2202
5598,2202
5599,2202
5600,2201
5601,2202
5602,2202
5603,2202
5604,2202
5605,2202
5606,2202
5607,2202
5608,2202
5609,2202
5610,2202
5611,2202
5612,2202
5613,2202
5614,2202
5615,2202
5616,2202
5617,2202
5618,2202
5619,2202
5620,2202
5621,2202
5622,2202
5623,2202
5624,2202
5625,2202
5626,2202
5627,2202
5628,2202
5629,2202
5630,2202
5631,2202
5632,2202
5633,2202
5634,2202
5635,2202
5636,2202
5637,2202
5638,2202
5639,2202
5640,2202
5641,2202
5642,2202
5643,2202
5644,2202
5645,2202
5646,2201
5647,2201
5648,2202
5649,2202
5650,2201
5651,2202
5652,2202
5653,2202
5654,2202
5655,2202
5656,2202
5657,2202
5658,2202
5659,2202
5660,2200
5661,2202
5662,2202
5663,2202
5664,2202
5665,2202
5666,2202
5667,2202
5668,2202
5669,2202
5670,2202
5671,2201
5672,2202
5673,2202
5674,2202
5675,2202
5676,2202
5677,2202
5678,2202
5679,2202
5680,2202
5681,2201
5682,2202
5683,2202
5684,2202
5685,2202
5686,2201
5687,2202
5688,2202
5689,2202
5690,2202
5691,2202
5692,2202
5693,2202
5694,2202
5695,2202
5696,2200
5697,2202
5698,2202
5699,2202
5700,2201
5701,2202
5702,2202
5703,2202
5704,2202
5705,2202
5706,2202
5707,2202
5708,2202
5709,2202
5710,2202
5711,2202
5712,2202
5713,2202
5714,2202
5715,2202
5716,2202
5717,2202
5718,2202
5719,2202
5720,2202
5721,2202
5722,2202
5723,2202
5724,2202
5725,2202
5726,2202
5727,2202
5728,2202
5729,2202
5730,2202
5731,2202
5732,2202
5733,2202
5734,2202
5735,2202
5736,2202
5737,2202
5738,2202
5739,2202
5740,2202
5741,2202
5742,2202
5743,2202
5744,2202
5745,2202
5746,2201
5747,2201
5748,2202
5749,2202
5750,2201
5751,2202
5752,2202
5753,2202
5754,2202
5755,2202
5756,2202
5757,2202
5758,2202
5759,2202
5760,2200
5761,2202
5762,2202
5763,2202
5764,2202
5765,2202
5766,2202
5767,2202
5768,2202
5769,2202
5770,2202
5771,2201
5772,2202
5773,2202
5774,2202
5775,2202
5776,2202
5777,2202
5778,2202
5779,2202
5780,2202
5781,2201
5782,2202
5783,2202
5784,2202
5785,2202
5786,2201
5787,2202
5788,2202
5789,2202
5790,2202
5791,2202
5792,2202
5793,2202
5794,2202
5795,2202
5796,2200
5797,2202
5798,2202
5799,2202
5800,2201
5801,2202
5802,2202
5803,2202
5804,2202
5805,2202
5806,2202
5807,2202
5808,2202
5809,2202
5810,2202
5811,2202
5812,2202
5813,2202
5814,2202
5815,2202
5816,2202
5817,2202
5818,2202
5819,2202
5820,2202
5821,2202
5822,2202
5823,2202
5824,2202
5825,2202
5826,2202
5827,2202
5828,2202
5829,2202
5830,2202
5831,2202
5832,2202
5833,2202
5834,2202
5835,2202
5836,2202
5837,2202
5838,2202
5839,2202
5840,2202
5841,2202
5842,2202
5843,2202
5844,2202
5845,2202
5846,2201
5847,2201
5848,2202
5849,2202
5850,2201
5851,2202
5852,2202
5853,2202
5854,2202
5855,2202
5856,2202
5857,2202
5858,2202
5859,2202
5860,2200
5861,2202
5862,2202
5863,2202
5864,2202
5865,2202
5866,2202
5867,2202
5868,2202
5869,2202
5870,2202
5871,2201
5872,2202
5873,2202
5874,2202
5875,2202
5876,2202
5877,2202
5878,2202
5879,2202
5880,2202
5881,2201
5882,2202
5883,2202
5884,2202
5885,2202
5886,2201
5887,2202
5888,2202
5889,2202
5890,2202
5891,2202
5892,2202
5893,2202
5894,2202
5895,2202
5896,2200
5897,2202
5898,2202
5899,2202
5900,2201
5901,2202
5902,2202
5903,2202
5904,2202
5905,2202
5906,2202
5907,2202
5908,2202
5909,2202
5910,2202
5911,2202
5912,2202
5913,2202
5914,2202
5915,2202
5916,2202
5917,2202
5918,2202
5919,2202
5920,2202
5921,2202
5922,2202
5923,2202
5924,2202
5925,2202
5926,2202
5927,2202
5928,2202
5929,2202
5930,2202
5931,2202
5932,2202
5933,2202
5934,2202
5935,2202
5936,2202
5937,2202
5938,2202
5939,2202
5940,2202
5941,2202
5942,2202
5943,2202
5944,2202
5945,2202
5946,2201
5947,2201
5948,2202
5949,2202
5950,2201
5951,2202
5952,2202
5953,2202
5954,2202
5955,2202
5956,2202
5957,2202
5958,2202
5959,2202
5960,2200
5961,2202
5962,2202
5963,2202
5964,2202
5965,2202
5966,2202
5967,2202
5968,2202
5969,2202
5970,2202
5971,2201
5972,2202
5973,2202
5974,2202
5975,2202
5976,2202
5977,2202
5978,2202
5979,2202
5980,2202
5981,2201
5982,2202
5983,2202
5984,2202
5985,2202
5986,2201
5987,2202
5988,2202
5989,2202
5990,2202
5991,2202
5992,2202
5993,2202
5994,2202
5995,2202
5996,2200
5997,2202
5998,2202
5999,2202
6000,2201
6001,2202
6002,2202
6003,2202
6004,2202
6005,2202
6006,2202
6007,2202
6008,2202
6009,2202
6010,2202
6011,2202
6012,2202
6013,2202
6014,2202
6015,2202
6016,2202
6017,2202
6018,2202
6019,2202
6020,2202
6021,2202
6022,2202
6023,2202
6024,2202
6025,2202
6026,2202
6027,2202
6028,2202
6029,2202
6030,2202
6031,2202
6032,2202
6033,2202
6034,2202
6035,2202
6036,2202
6037,2202
6038,2202
6039,2202
6040,2202
6041,2202
6042,2202
6043,2202
6044,2202
6045,2202
6046,2201
6047,2201
6048,2202
6049,2202
6050,2201
6051,2202
6052,2202
6053,2202
6054,2202
6055,2202
6056,2202
6057,2202
6058,2202
6059,2202
6060,2200
6061,2202
6062,2202
6063,2202
6064,2202
6065,2202
6066,2202
6067,2202
6068,2202
6069,2202
6070,2202
6071,2201
6072,2202
6073,2202
6074,2202
6075,2202
6076,2202
6077,2202
6078,2202
6079,2202
6080,2202
6081,2201
6082,2202
6083,2202
6084,2202
6085,2202
6086,2201
6087,2202
6088,2202
6089,2202
6090,2202
6091,2202
6092,2202
6093,2202
6094,2202
6095,2202
6096,2200
6097,2202
6098,2202
6099,2202
6100,2201
6101,2202
6102,2202
6103,2202
6104,2202
6105,2202
6106,2202
6107,2202
6108,2202
6109,2202
6110,2202
6111,2202
6112,2202
6113,2202
6114,2202
6115,2202
6116,2202
6117,2202
6118,2202
6119,2202
6120,2202
6121,2202
6122,2202
6123,2202
6124,2202
6125,2202
6126,2202
6127,2202
6128,2202
6129,2202
6130,2202
6131,2202
6132,2202
6133,2202
6134,2202
6135,2202
6136,2202
6137,2202
6138,2202
6139,2202
6140,2202
6141,2202
6142,2202
6143,2202
6144,2202
6145,2202
6146,2201
6147,2201
6148,2202
6149,2202
6150,2201
6151,2202
6152,2202
6153,2202
6154,2202
6155,2202
6156,2202
6157,2202
6158,2202
6159,2202
6160,2200
6161,2202
6162,2202
6163,2202
6164,2202
6165,2202
6166,2202
6167,2202
6168,2202
6169,2202
6170,2202
6171,2201
6172,2202
6173,2202
6174,2202
6175,2202
6176,2202
6177,2202
6178,2202
6179,2202
6180,2202
6181,2201
6182,2202
6183,2202
6184,2202
6185,2202
6186,2201
6187,2202
6188,2202
6189,2202
6190,2202
6191,2202
6192,2202
6193,2202
6194,2202
6195,2202
6196,2200
6197,2202
6198,2202
6199,2202
6200,2201
6201,2202
6202,2202
6203,2202
6204,2202
6205,2202
6206,2202
6207,2202
6208,2202
6209,2202
6210,2202
6211,2202
6212,2202
6213,2202
6214,2202
6215,2202
6216,2202
6217,2202
6218,2202
6219,2202
6220,2202
6221,2202
6222,2202
6223,2202
6224,2202
6225,2202
6226,2202
6227,2202
6228,2202
6229,2202
6230,2202
6231,2202
6232,2202
6233,2202
6234,2202
6235,2202
6236,2202
6237,2202
6238,2202
6239,2202
6240,2202
6241,2202
6242,2202
6243,2202
6244,2202
6245,2202
6246,2201
6247,2201
6248,2202
6249,2202
6250,2201
6251,2202
6252,2202
6253,2202
6254,2202
6255,2202
6256,2202
6257,2202
6258,2202
6259,2202
6260,2200
6261,2202
6262,2202
6263,2202
6264,2202
6265,2202
6266,2202
6267,2202
6268,2202
6269,2202
6270,2202
6271,2201
6272,2202
6273,2202
6274,2202
6275,2202
6276,2202
6277,2202
6278,2202
6279,2202
6280,2202
6281,2201
6282,2202
6283,2202
6284,2202
6285,2202
6286,2201
6287,2202
6288,2202
6289,2202
6290,2202
6291,2202
6292,2202
6293,2202
6294,2202
6295,2202
6296,2200
6297,2202
6298,2202
6299,2202
6300,2201
6301,2202
6302,2202
6303,2202
6304,2202
6305,2202
6306,2202
6307,2202
6308,2202
6309,2202
6310,2202
6311,2202
6312,2202
6313,2202
6314,2202
6315,2202
6316,2202
6317,2202
6318,2202
6319,2202
6320,2202
6321,2202
6322,2202
6323,2202
6324,2202
6325,2202
6326,2202
6327,2202
6328,2202
6329,2202
6330,2202
6331,2202
6332,2202
6333,2202
6334,2202
6335,2202
6336,2202
6337,2202
6338,2202
6339,2202
6340,2202
6341,2202
6342,2202
6343,2202
6344,2202
6345,2202
6346,2201
6347,2201
6348,2202
6349,2202
6350,2201
6351,2202
6352,2202
6353,2202
6354,2202
6355,2202
6356,2202
6357,2202
6358,2202
6359,2202
6360,2200
6361,2202
6362,2202
6363,2202
6364,2202
6365,2202
6366,2202
6367,2202
6368,2202
6369,2202
6370,2202
6371,2201
6372,2202
6373,2202
6374,2202
6375,2202
6376,2202
6377,2202
6378,2202
6379,2202
6380,2202
6381,2201
6382,2202
6383,2202
6384,2202
6385,2202
6386,2201
6387,2202
6388,2202
6389,2202
6390,2202
6391,2202
6392,2202
6393,2202
6394,2202
6395,2202
6396,2200
6397,2202
6398,2202
6399,2202
6400,2201
6401,2202
6402,2202
6403,2202
6404,2202
6405,2202
6406,2202
6407,2202
6408,2202
6409,2202
6410,2202
6411,2202
6412,2202
6413,2202
6414,2202
6415,2202
6416,2202
6417,2202
6418,2202
6419,2202
6420,2202
6421,2202
6422,2202
6423,2202
6424,2202
6425,2202
6426,2202
6427,2202
6428,2202
6429,2202
6430,2202
6431,2202
6432,2202
6433,2202
6434,2202
6435,2202
6436,2202
6437,2202
6438,2202
6439,2202
6440,2202
6441,2202
6442,2202
6443,2202
6444,2202
6445,2202
6446,2201
6447,2201
6448,2202
6449,2202
6450,2201
6451,2202
6452,2202
6453,2202
6454,2202
6455,2202
6456,2202
6457,2202
6458,2202
6459,2202
6460,2200
6461,2202
6462,2202
6463,2202
6464,2202
6465,2202
6466,2202
6467,2202
6468,2202
6469,2202
6470,2202
6471,2201
6472,2202
6473,2202
6474,2202
6475,2202
6476,2202
6477,2202
6478,2202
6479,2202
6480,2202
6481,2201
6482,2202
6483,2202
6484,2202
6485,2202
6486,2201
6487,2202
6488,2202
6489,2202
6490,2202
6491,2202
6492,2202
6493,2202
6494,2202
6495,2202
6496,2200
6497,2202
6498,2202
6499,2202
6500,2201
6501,2202
6502,2202
6503,2202
6504,2202
6505,2202
6506,2202
6507,2202
6508,2202
6509,2202
6510,2202
6511,2202
6512,2202
6513,2202
6514,2202
6515,2202
6516,2202
6517,2202
6518,2202
6519,2202
6520,2202
6521,2202
6522,2202
6523,2202
6524,2202
6525,2202
6526,2202
6527,2202
6528,2202
6529,2202
6530,2202
6531,2202
6532,2202
6533,2202
6534,2202
6535,2202
6536,2202
6537,2202
6538,2202
6539,2202
6540,2202
6541,2202
6542,2202
6543,2202
6544,2202
6545,2202
6546,2201
6547,2201
6548,2202
6549,2202
6550,2201
6551,2202
6552,2202
6553,2202
6554,2202
6555,2202
6556,2202
6557,2202
6558,2202
6559,2202
6560,2200
6561,2202
6562,2202
6563,2202
6564,2202
6565,2202
6566,2202
6567,2202
6568,2202
6569,2202
6570,2202
6571,2201
6572,2202
6573,2202
6574,2202
6575,2202
6576,2202
6577,2202
6578,2202
6579,2202
6580,2202
6581,2201
6582,2202
6583,2202
6584,2202
6585,2202
6586,2201
6587,2202
6588,2202
6589,2202
6590,2202
6591,2202
6592,2202
6593,2202
6594,2202
6595,2202
6596,2200
6597,2202
6598,2202
6599,2202
6600,2201
6601,2202
6602,2202
6603,2202
6604,2202
6605,2202
6606,2202
6607,2202
6608,2202
6609,2202
6610,2202
6611,2202
6612,2202
6613,2202
6614,2202
6615,2202
6616,2202
6617,2202
6618,2202
6619,2202
6620,2202
6621,2202
6622,2202
6623,2202
6624,2202
6625,2202
6626,2202
6627,2202
6628,2202
6629,2202
6630,2202
6631,2202
6632,2202
6633,2202
6634,2202
6635,2202
6636,2202
6637,2202
6638,2202
6639,2202
6640,2202
6641,2202
6642,2202
6643,2202
6644,2202
6645,2202
6646,2201
6647,2201
6648,2202
6649,2202
6650,2201
6651,2202
6652,2202
6653,2202
6654,2202
6655,2202
6656,2202
6657,2202
6658,2202
6659,2202
6660,2200
6661,2202
6662,2202
6663,2202
6664,2202
6665,2202
6666,2202
6667,2202
6668,2202
6669,2202
6670,2202
6671,2201
6672,2202
6673,2202
6674,2202
6675,2202
6676,2202
6677,2202
6678,2202
6679,2202
6680,2202
6681,2201
6682,2202
6683,2202
6684,2202
6685,2202
6686,2201
6687,2202
6688,2202
6689,2202
6690,2202
6691,2202
6692,2202
6693,2202
6694,2202
6695,2202
6696,2200
6697,2202
6698,2202
6699,2202
6700,2201
6701,2202
6702,2202
6703,2202
6704,2202
6705,2202
6706,2202
6707,2202
6708,2202
6709,2202
6710,2202
6711,2202
6712,2202
6713,2202
6714,2202
6715,2202
6716,2202
6717,2202
6718,2202
6719,2202
6720,2202
6721,2202
6722,2202
6723,2202
6724,2202
6725,2202
6726,2202
6727,2202
6728,2202
6729,2202
6730,2202
6731,2202
6732,2202
6733,2202
6734,2202
6735,2202
6736,2202
6737,2202
6738,2202
6739,2202
6740,2202
6741,2202
6742,2202
6743,2202
6744,2202
6745,2202
6746,2201
6747,2201
6748,2202
6749,2202
6750,2201
6751,2202
6752,2202
6753,2202
6754,2202
6755,2202
6756,2202
6757,2202
6758,2202
6759,2202
6760,2200
6761,2202
6762,2202
6763,2202
6764,2202
6765,2202
6766,2202
6767,2202
6768,2202
6769,2202
6770,2202
6771,2201
6772,2202
6773,2202
6774,2202
6775,2202
6776,2202
6777,2202
6778,2202
6779,2202
6780,2202
6781,2201
6782,2202
6783,2202
6784,2202
6785,2202
6786,2201
6787,2202
6788,2202
6789,2202
6790,2202
6791,2202
6792,2202
6793,2202
6794,2202
6795,2202
6796,2200
6797,2202
6798,2202
6799,2202
6800,2201
6801,2202
6802,2202
6803,2202
6804,2202
6805,2202
6806,2202
6807,2202
6808,2202
6809,2202
6810,2202
6811,2202
6812,2202
6813,2202
6814,2202
6815,2202
6816,2202
6817,2202
6818,2202
6819,2202
6820,2202
6821,2202
6822,2202
6823,2202
6824,2202
6825,2202
6826,2202
6827,2202
6828,2202
6829,2202
6830,2202
6831,2202
6832,2202
6833,2202
6834,2202
6835,2202
6836,2202
6837,2202
6838,2202
6839,2202
6840,2202
6841,2202
6842,2202
6843,2202
6844,2202
6845,2202
6846,2201
6847,2201
6848,2202
6849,2202
6850,2201
6851,2202
6852,2202
6853,2202
6854,2202
6855,2202
6856,2202
6857,2202
6858,2202
6859,2202
6860,2200
6861,2202
6862,2202
6863,2202
6864,2202
6865,2202
6866,2202
6867,2202
6868,2202
6869,2202
6870,2202
6871,2201
6872,2202
6873,2202
6874,2202
6875,2202
6876,2202
6877,2202
6878,2202
6879,2202
6880,2202
6881,2201
6882,2202
6883,2202
6884,2202
6885,2202
6886,2201
6887,2202
6888,2202
6889,2202
6890,2202
6891,2202
6892,2202
6893,2202
6894,2202
6895,2202
6896,2200
6897,2202
6898,2202
6899,2202
6900,2201
6901,2202
6902,2202
6903,2202
6904,2202
6905,2202
6906,2202
6907,2202
6908,2202
6909,2202
6910,2202
6911,2202
6912,2202
6913,2202
6914,2202
6915,2202
6916,2202
6917,2202
6918,2202
6919,2202
6920,2202
6921,2202
6922,2202
6923,2202
6924,2202
6925,2202
6926,2202
6927,2202
6928,2202
6929,2202
6930,2202
6931,2202
6932,2202
6933,2202
6934,2202
6935,2202
6936,2202
6937,2202
6938,2202
6939,2202
6940,2202
6941,2202
6942,2202
6943,2202
6944,2202
6945,2202
6946,2201
6947,2201
6948,2202
6949,2202
6950,2201
6951,2202
6952,2202
6953,2202
6954,2202
6955,2202
6956,2202
6957,2202
6958,2202
6959,2202
6960,2200
6961,2202
6962,2202
6963,2202
6964,2202
6965,2202
6966,2202
6967,2202
6968,2202
6969,2202
6970,2202
6971,2201
6972,2202
6973,2202
6974,2202
6975,2202
6976,2202
6977,2202
6978,2202
6979,2202
6980,2202
6981,2201
6982,2202
6983,2202
6984,2202
6985,2202
6986,2201
6987,2202
6988,2202
6989,2202
6990,2202
6991,2202
6992,2202
6993,2202
6994,2202
6995,2202
6996,2200
6997,2202
6998,2202
6999,2202
7000,2201
7001,2202
7002,2202
7003,2202
7004,2202
7005,2202
7006,2202
7007,2202
7008,2202
7009,2202
7010,2202
7011,2202
7012,2202
7013,2202
7014,2202
7015,2202
7016,2202
7017,2202
7018,2202
7019,2202
7020,2202
7021,2202
7022,2202
7023,2202
7024,2202
7025,2202
7026,2202
7027,2202
7028,2202
7029,2202
7030,2202
7031,2202
7032,2202
7033,2202
7034,2202
7035,2202
7036,2202
7037,2202
7038,2202
7039,2202
7040,2202
7041,2202
7042,2202
7043,2202
7044,2202
7045,2202
7046,2201
7047,2201
7048,2202
7049,2202
7050,2201
7051,2202
7052,2202
7053,2202
7054,2202
7055,2202
7056,2202
7057,2202
7058,2202
7059,2202
7060,2200
7061,2202
7062,2202
7063,2202
7064,2202
7065,2202
7066,2202
7067,2202
7068,2202
7069,2202
7070,2202
7071,2201
7072,2202
7073,2202
7074,2202
7075,2202
7076,2202
7077,2202
7078,2202
7079,2202
7080,2202
7081,2201
7082,2202
7083,2202
7084,2202
7085,2202
7086,2201
7087,2202
7088,2202
7089,2202
7090,2202
7091,2202
7092,2202
7093,2202
7094,2202
7095,2202
7096,2200
7097,2202
7098,2202
7099,2202
7100,2201
7101,2202
7102,2202
7103,2202
7104,2202
7105,2202
7106,2202
7107,2202
7108,2202
7109,2202
7110,2202
7111,2202
7112,2202
7113,2202
7114,2202
7115,2202
7116,2202
7117,2202
7118,2202
7119,2202
7120,2202
7121,2202
7122,2202
7123,2202
7124,2202
7125,2202
7126,2202
7127,2202
7128,2202
7129,2202
7130,2202
7131,2202
7132,2202
7133,2202
7134,2202
7135,2202
7136,2202
7137,2202
7138,2202
7139,2202
7140,2202
7141,2202
7142,2202
7143,2202
7144,2202
7145,2202
7146,2201
7147,2201
7148,2202
7149,2202
7150,2201
7151,2202
7152,2202
7153,2202
7154,2202
7155,2202
7156,2202
7157,2202
7158,2202
7159,2202
7160,2200
7161,2202
7162,2202
7163,2202
7164,2202
7165,2202
7166,2202
7167,2202
7168,2202
7169,2202
7170,2202
7171,2201
7172,2202
7173,2202
7174,2202
7175,2202
7176,2202
7177,2202
7178,2202
7179,2202
7180,2202
7181,2201
7182,2202
7183,2202
7184,2202
7185,2202
7186,2201
7187,2202
7188,2202
7189,2202
7190,2202
7191,2202
7192,2202
7193,2202
7194,2202
7195,2202
7196,2200
7197,2202
7198,2202
7199,2202
7200,2201
7201,2202
7202,2202
7203,2202
7204,2202
7205,2202
7206,2202
7207,2202
7208,2202
7209,2202
7210,2202
7211,2202
7212,2202
7213,2202
7214,2202
7215,2202
7216,2202
7217,2202
7218,2202
7219,2202
7220,2202
7221,2202
7222,2202
7223,2202
7224,2202
7225,2202
7226,2202
7227,2202
7228,2202
7229,2202
7230,2202
7231,2202
7232,2202
7233,2202
7234,2202
7235,2202
7236,2202
7237,2202
7238,2202
7239,2202
7240,2202
7241,2202
7242,2202
7243,2202
7244,2202
7245,2202
7246,2201
7247,2201
7248,2202
7249,2202
7250,2201
7251,2202
7252,2202
7253,2202
7254,2202
7255,2202
7256,2202
7257,2202
7258,2202
7259,2202
7260,2200
7261,2202
7262,2202
7263,2202
7264,2202
7265,2202
7266,2202
7267,2202
7268,2202
7269,2202
7270,2202
7271,2201
7272,2202
7273,2202
7274,2202
7275,2202
7276,2202
7277,2202
7278,2202
7279,2202
7280,2202
7281,2201
7282,2202
7283,2202
7284,2202
7285,2202
7286,2201
7287,2202
7288,2202
7289,2202
7290,2202
7291,2202
7292,2202
7293,2202
7294,2202
7295,2202
7296,2200
7297,2202
7298,2202
7299,2202
7300,2201
7301,2202
7302,2202
7303,2202
7304,2202
7305,2202
7306,2202
7307,2202
7308,2202
7309,2202
7310,2202
7311,2202
7312,2202
7313,2202
7314,2202
7315,2202
7316,2202
7317,2202
7318,2202
7319,2202
7320,2202
7321,2202
7322,2202
7323,2202
7324,2202
7325,2202
7326,2202
7327,2202
7328,2202
7329,2202
7330,2202
7331,2202
7332,2202
7333,2202
7334,2202
7335,2202
7336,2202
7337,2202
7338,2202
7339,2202
7340,2202
7341,2202
7342,2202
7343,2202
7344,2202
7345,2202
7346,2201
7347,2201
7348,2202
7349,2202
7350,2201
7351,2202
7352,2202
7353,2202
7354,2202
7355,2202
7356,2202
7357,2202
7358,2202
7359,2202
7360,2200
7361,2202
7362,2202
7363,2202
7364,2202
7365,2202
7366,2202
7367,2202
7368,2202
7369,2202
7370,2202
7371,2201
7372,2202
7373,2202
7374,2202
7375,2202
7376,2202
7377,2202
7378,2202
7379,2202
7380,2202
7381,2201
7382,2202
7383,2202
7384,2202
7385,2202
7386,2201
7387,2202
7388,2202
7389,2202
7390,2202
7391,2202
7392,2202
7393,2202
7394,2202
7395,2202
7396,2200
7397,2202
7398,2202
7399,2202
7400,2201
7401,2202
7402,2202
7403,2202
7404,2202
7405,2202
7406,2202
7407,2202
7408,2202
7409,2202
7410,2202
7411,2202
7412,2202
7413,2202
7414,2202
7415,2202
7416,2202
7417,2202
7418,2202
7419,2202
7420,2202
7421,2202
7422,2202
7423,2202
7424,2202
7425,2202
7426,2202
7427,2202
7428,2202
7429,2202
7430,2202
7431,2202
7432,2202
7433,2202
7434,2202
7435,2202
7436,2202
7437,2202
7438,2202
7439,2202
7440,2202
7441,2202
7442,2202
7443,2202
7444,2202
7445,2202
7446,2201
7447,2201
7448,2202
7449,2202
7450,2201
7451,2202
7452,2202
7453,2202
7454,2202
7455,2202
7456,2202
7457,2202
7458,2202
7459,2202
7460,2200
7461,2202
7462,2202
7463,2202
7464,2202
7465,2202
7466,2202
7467,2202
7468,2202
7469,2202
7470,2202
7471,2201
7472,2202
7473,2202
7474,2202
7475,2202
7476,2202
7477,2202
7478,2202
7479,2202
7480,2202
7481,2201
7482,2202
7483,2202
7484,2202
7485,2202
7486,2201
7487,2202
7488,2202
7489,2202
7490,2202
7491,2202
7492,2202
7493,2202
7494,2202
7495,2202
7496,2200
7497,2202
7498,2202
7499,2202
7500,2201
7501,2202
7502,2202
7503,2202
7504,2202
7505,2202
7506,2202
7507,2202
7508,2202
7509,2202
7510,2202
7511,2202
7512,2202
7513,2202
7514,2202
7515,2202
7516,2202
7517,2202
7518,2202
7519,2202
7520,2202
7521,2202
7522,2202
7523,2202
7524,2202
7525,2202
7526,2202
7527,2202
7528,2202
7529,2202
7530,2202
7531,2202
7532,2202
7533,2202
7534,2202
7535,2202
7536,2202
7537,2202
7538,2202
7539,2202
7540,2202
7541,2202
7542,2202
7543,2202
7544,2202
7545,2202
7546,2201
7547,2201
7548,2202
7549,2202
7550,2201
7551,2202
7552,2202
7553,2202
7554,2202
7555,2202
7556,2202
7557,2202
7558,2202
7559,2202
7560,2200
7561,2202
7562,2202
7563,2202
7564,2202
7565,2202
7566,2202
7567,2202
7568,2202
7569,2202
7570,2202
7571,2201
7572,2202
7573,2202
7574,2202
7575,2202
7576,2202
7577,2202
7578,2202
7579,2202
7580,2202
7581,2201
7582,2202
7583,2202
7584,2202
7585,2202
7586,2201
7587,2202
7588,2202
7589,2202
7590,2202
7591,2202
7592,2202
7593,2202
7594,2202
7595,2202
7596,2200
7597,2202
7598,2202
7599,2202
7600,2201
7601,2202
7602,2202
7603,2202
7604,2202
7605,2202
7606,2202
7607,2202
7608,2202
7609,2202
7610,2202
7611,2202
7612,2202
7613,2202
7614,2202
7615,2202
7616,2202
7617,2202
7618,2202
7619,2202
7620,2202
7621,2202
7622,2202
7623,2202
7624,2202
7625,2202
7626,2202
7627,2202
7628,2202
7629,2202
7630,2202
7631,2202
7632,2202
7633,2202
7634,2202
7635,2202
7636,2202
7637,2202
7638,2202
7639,2202
7640,2202
7641,2202
7642,2202
7643,2202
7644,2202
7645,2202
7646,2201
7647,2201
7648,2202
7649,2202
7650,2201
7651,2202
7652,2202
7653,2202
7654,2202
7655,2202
7656,2202
7657,2202
7658,2202
7659,2202
7660,2200
7661,2202
7662,2202
7663,2202
7664,2202
7665,2202
7666,2202
7667,2202
7668,2202
7669,2202
7670,2202
7671,2201
7672,2202
7673,2202
7674,2202
7675,2202
7676,2202
7677,2202
7678,2202
7679,2202
7680,2202
7681,2201
7682,2202
7683,2202
7684,2202
7685,2202
7686,2201
7687,2202
7688,2202
7689,2202
7690,2202
7691,2202
7692,2202
7693,2202
7694,2202
7695,2202
7696,2200
7697,2202
7698,2202
7699,2202
7700,2201
7701,2202
7702,2202
7703,2202
7704,2202
7705,2202
7706,2202
7707,2202
7708,2202
7709,2202
7710,2202
7711,2202
7712,2202
7713,2202
7714,2202
7715,2202
7716,2202
7717,2202
7718,2202
7719,2202
7720,2202
7721,2202
7722,2202
7723,2202
7724,2202
7725,2202
7726,2202
7727,2202
7728,2202
7729,2202
7730,2202
7731,2202
7732,2202
7733,2202
7734,2202
7735,2202
7736,2202
7737,2202
7738,2202
7739,2202
7740,2202
7741,2202
7742,2202
7743,2202
7744,2202
7745,2202
7746,2201
7747,2201
7748,2202
7749,2202
7750,2201
7751,2202
7752,2202
7753,2202
7754,2202
7755,2202
7756,2202
7757,2202
7758,2202
7759,2202
7760,2200
7761,2202
7762,2202
7763,2202
7764,2202
7765,2202
7766,2202
7767,2202
7768,2202
7769,2202
7770,2202
7771,2201
7772,2202
7773,2202
7774,2202
7775,2202
7776,2202
7777,2202
7778,2202
7779,2202
7780,2202
7781,2201
7782,2202
7783,2202
7784,2202
7785,2202
7786,2201
7787,2202
7788,2202
7789,2202
7790,2202
7791,2202
7792,2202
7793,2202
7794,2202
7795,2202
7796,2200
7797,2202
7798,2202
7799,2202
7800,2201
7801,2202
7802,2202
7803,2202
7804,2202
7805,2202
7806,2202
7807,2202
7808,2202
7809,2202
7810,2202
7811,2202
7812,2202
7813,2202
7814,2202
7815,2202
7816,2202
7817,2202
7818,2202
7819,2202
7820,2202
7821,2202
7822,2202
7823,2202
7824,2202
7825,2202
7826,2202
7827,2202
7828,2202
7829,2202
7830,2202
7831,2202
7832,2202
7833,2202
7834,2202
7835,2202
7836,2202
7837,2202
7838,2202
7839,2202
7840,2202
7841,2202
7842,2202
7843,2202
7844,2202
7845,2202
7846,2201
7847,2201
7848,2202
7849,2202
7850,2201
7851,2202
7852,2202
7853,2202
7854,2202
7855,2202
7856,2202
7857,2202
7858,2202
7859,2202
7860,2200
7861,2202
7862,2202
7863,2202
7864,2202
7865,2202
7866,2202
7867,2202
7868,2202
7869,2202
7870,2202
7871,2201
7872,2202
7873,2202
7874,2202
7875,2202
7876,2202
7877,2202
7878,2202
7879,2202
7880,2202
7881,2201
7882,2202
7883,2202
7884,2202
7885,2202
7886,2201
7887,2202
7888,2202
7889,2202
7890,2202
7891,2202
7892,2202
7893,2202
7894,2202
7895,2202
7896,2200
7897,2202
7898,2202
7899,2202
7900,2201
7901,2202
7902,2202
7903,2202
7904,2202
7905,2202
7906,2202
7907,2202
7908,2202
7909,2202
7910,2202
7911,2202
7912,2202
7913,2202
7914,2202
7915,2202
7916,2202
7917,2202
7918,2202
7919,2202
7920,2202
7921,2202
7922,2202
7923,2202
7924,2202
7925,2202
7926,2202
7927,2202
7928,2202
7929,2202
7930,2202
7931,2202
7932,2202
7933,2202
7934,2202
7935,2202
7936,2202
7937,2202
7938,2202
7939,2202
7940,2202
7941,2202
7942,2202
7943,2202
7944,2202
7945,2202
7946,2201
7947,2201
7948,2202
7949,2202
7950,2201
7951,2202
7952,2202
7953,2202
7954,2202
7955,2202
7956,2202
7957,2202
7958,2202
7959,2202
7960,2200
7961,2202
7962,2202
7963,2202
7964,2202
7965,2202
7966,2202
7967,2202
7968,2202
7969,2202
7970,2202
7971,2201
7972,2202
7973,2202
7974,2202
7975,2202
7976,2202
7977,2202
7978,2202
7979,2202
7980,2202
7981,2201
7982,2202
7983,2202
7984,2202
7985,2202
7986,2201
7987,2202
7988,2202
7989,2202
7990,2202
7991,2202
7992,2202
7993,2202
7994,2202
7995,2202
7996,2200
7997,2202
7998,2202
7999,2202
8000,2201
8001,2202
8002,2202
8003,2202
8004,2202
8005,2202
8006,2202
8007,2202
8008,2202
8009,2202
8010,2202
8011,2202
8012,2202
8013,2202
8014,2202
8015,2202
8016,2202
8017,2202
8018,2202
8019,2202
8020,2202
8021,2202
8022,2202
8023,2202
8024,2202
8025,2202
8026,2202
8027,2202
8028,2202
8029,2202
8030,2202
8031,2202
8032,2202
8033,2202
8034,2202
8035,2202
8036,2202
8037,2202
8038,2202
8039,2202
8040,2202
8041,2202
8042,2202
8043,2202
8044,2202
8045,2202
8046,2201
8047,2201
8048,2202
8049,2202
8050,2201
8051,2202
8052,2202
8053,2202
8054,2202
8055,2202
8056,2202
8057,2202
8058,2202
8059,2202
8060,2200
8061,2202
8062,2202
8063,2202
8064,2202
8065,2202
8066,2202
8067,2202
8068,2202
8069,2202
8070,2202
8071,2201
8072,2202
8073,2202
8074,2202
8075,2202
8076,2202
8077,2202
8078,2202
8079,2202
8080,2202
8081,2201
8082,2202
8083,2202
8084,2202
8085,2202
8086,2201
8087,2202
8088,2202
8089,2202
8090,2202
8091,2202
8092,2202
8093,2202
8094,2202
8095,2202
8096,2200
8097,2202
8098,2202
8099,2202
8100,2201
8101,2202
8102,2202
8103,2202
8104,2202
8105,2202
8106,2202
8107,2202
8108,2202
8109,2202
8110,2202
8111,2202
8112,2202
8113,2202
8114,2202
8115,2202
8116,2202
8117,2202
8118,2202
8119,2202
8120,2202
8121,2202
8122,2202
8123,2202
8124,2202
8125,2202
8126,2202
8127,2202
8128,2202
8129,2202
8130,2202
8131,2202
8132,2202
8133,2202
8134,2202
8135,2202
8136,2202
8137,2202
8138,2202
8139,2202
8140,2202
8141,2202
8142,2202
8143,2202
8144,2202
8145,2202
8146,2201
8147,2201
8148,2202
8149,2202
8150,2201
8151,2202
8152,2202
8153,2202
8154,2202
8155,2202
8156,2202
8157,2202
8158,2202
8159,2202
8160,2200
8161,2202
8162,2202
8163,2202
8164,2202
8165,2202
8166,2202
8167,2202
8168,2202
8169,2202
8170,2202
8171,2201
8172,2202
8173,2202
8174,2202
8175,2202
8176,2202
8177,2202
8178,2202
8179,2202
8180,2202
8181,2201
8182,2202
8183,2202
8184,2202
8185,2202
8186,2201
8187,2202
8188,2202
8189,2202
8190,2202
8191,2202
8192,2202
8193,2202
8194,2202
8195,2202
8196,2200
8197,2202
8198,2202
8199,2202
8200,2201
8201,2202
8202,2202
8203,2202
8204,2202
8205,2202
8206,2202
8207,2202
8208,2202
8209,2202
8210,2202
8211,2202
8212,2202
8213,2202
8214,2202
8215,2202
8216,2202
8217,2202
8218,2202
8219,2202
8220,2202
8221,2202
8222,2202
8223,2202
8224,2202
8225,2202
8226,2202
8227,2202
8228,2202
8229,2202
8230,2202
8231,2202
8232,2202
8233,2202
8234,2202
8235,2202
8236,2202
8237,2202
8238,2202
8239,2202
8240,2202
8241,2202
8242,2202
8243,2202
8244,2202
8245,2202
8246,2201
8247,2201
8248,2202
8249,2202
8250,2201
8251,2202
8252,2202
8253,2202
8254,2202
8255,2202
8256,2202
8257,2202
8258,2202
8259,2202
8260,2200
8261,2202
8262,2202
8263,2202
8264,2202
8265,2202
8266,2202
8267,2202
8268,2202
8269,2202
8270,2202
8271,2201
8272,2202
8273,2202
8274,2202
8275,2202
8276,2202
8277,2202
8278,2202
8279,2202
8280,2202
8281,2201
8282,2202
8283,2202
8284,2202
8285,2202
8286,2201
8287,2202
8288,2202
8289,2202
8290,2202
8291,2202
8292,2202
8293,2202
8294,2202
8295,2202
8296,2200
8297,2202
8298,2202
8299,2202
8300,2201
8301,2202
8302,2202
8303,2202
8304,2202
8305,2202
8306,2202
8307,2202
8308,2202
8309,2202
8310,2202
8311,2202
8312,2202
8313,2202
8314,2202
8315,2202
8316,2202
8317,2202
8318,2202
8319,2202
8320,2202
8321,2202
8322,2202
8323,2202
8324,2202
8325,2202
8326,2202
8327,2202
8328,2202
8329,2202
8330,2202
8331,2202
8332,2202
8333,2202
8334,2202
8335,2202
8336,2202
8337,2202
8338,2202
8339,2202
8340,2202
8341,2202
8342,2202
8343,2202
8344,2202
8345,2202
8346,2201
8347,2201
8348,2202
8349,2202
8350,2201
8351,2202
8352,2202
8353,2202
8354,2202
8355,2202
8356,2202
8357,2202
8358,2202
8359,2202
8360,2200
8361,2202
8362,2202
8363,2202
8364,2202
8365,2202
8366,2202
8367,2202
8368,2202
8369,2202
8370,2202
8371,2201
8372,2202
8373,2202
8374,2202
8375,2202
8376,2202
8377,2202
8378,2202
8379,2202
8380,2202
8381,2201
8382,2202
8383,2202
8384,2202
8385,2202
8386,2201
8387,2202
8388,2202
8389,2202
8390,2202
8391,2202
8392,2202
8393,2202
8394,2202
8395,2202
8396,2200
8397,2202
8398,2202
8399,2202
8400,2201
8401,2202
8402,2202
8403,2202
8404,2202
8405,2202
8406,2202
8407,2202
8408,2202
8409,2202
8410,2202
8411,2202
8412,2202
8413,2202
8414,2202
8415,2202
8416,2202
8417,2202
8418,2202
8419,2202
8420,2202
8421,2202
8422,2202
8423,2202
8424,2202
8425,2202
8426,2202
8427,2202
8428,2202
8429,2202
8430,2202
8431,2202
8432,2202
8433,2202
8434,2202
8435,2202
8436,2202
8437,2202
8438,2202
8439,2202
8440,2202
8441,2202
8442,2202
8443,2202
8444,2202
8445,2202
8446,2201
8447,2201
8448,2202
8449,2202
8450,2201
8451,2202
8452,2202
8453,2202
8454,2202
8455,2202
8456,2202
8457,2202
8458,2202
8459,2202
8460,2200
8461,2202
8462,2202
8463,2202
8464,2202
8465,2202
8466,2202
8467,2202
8468,2202
8469,2202
8470,2202
8471,2201
8472,2202
8473,2202
8474,2202
8475,2202
8476,2202
8477,2202
8478,2202
8479,2202
8480,2202
8481,2201
8482,2202
8483,2202
8484,2202
8485,2202
8486,2201
8487,2202
8488,2202
8489,2202
8490,2202
8491,2202
8492,2202
8493,2202
8494,2202
8495,2202
8496,2200
8497,2202
8498,2202
8499,2202
8500,2201
8501,2202
8502,2202
8503,2202
8504,2202
8505,2202
8506,2202
8507,2202
8508,2202
8509,2202
8510,2202
8511,2202
8512,2202
8513,2202
8514,2202
8515,2202
8516,2202
8517,2202
8518,2202
8519,2202
8520,2202
8521,2202
8522,2202
8523,2202
8524,2202
8525,2202
8526,2202
8527,2202
8528,2202
8529,2202
8530,2202
8531,2202
8532,2202
8533,2202
8534,2202
8535,2202
8536,2202
8537,2202
8538,2202
8539,2202
8540,2202
8541,2202
8542,2202
8543,2202
8544,2202
8545,2202
8546,2201
8547,2201
8548,2202
8549,2202
8550,2201
8551,2202
8552,2202
8553,2202
8554,2202
8555,2202
8556,2202
8557,2202
8558,2202
8559,2202
8560,2200
8561,2202
8562,2202
8563,2202
8564,2202
8565,2202
8566,2202
8567,2202
8568,2202
8569,2202
8570,2202
8571,2201
8572,2202
8573,2202
8574,2202
8575,2202
8576,2202
8577,2202
8578,2202
8579,2202
8580,2202
8581,2201
8582,2202
8583,2202
8584,2202
8585,2202
8586,2201
8587,2202
8588,2202
8589,2202
8590,2202
8591,2202
8592,2202
8593,2202
8594,2202
8595,2202
8596,2200
8597,2202
8598,2202
8599,2202
8600,2201
8601,2202
8602,2202
8603,2202
8604,2202
8605,2202
8606,2202
8607,2202
8608,2202
8609,2202
8610,2202
8611,2202
8612,2202
8613,2202
8614,2202
8615,2202
8616,2202
8617,2202
8618,2202
8619,2202
8620,2202
8621,2202
8622,2202
8623,2202
8624,2202
8625,2202
8626,2202
8627,2202
8628,2202
8629,2202
8630,2202
8631,2202
8632,2202
8633,2202
8634,2202
8635,2202
8636,2202
8637,2202
8638,2202
8639,2202
8640,2202
8641,2202
8642,2202
8643,2202
8644,2202
8645,2202
8646,2201
8647,2201
8648,2202
8649,2202
8650,2201
8651,2202
8652,2202
8653,2202
8654,2202
8655,2202
8656,2202
8657,2202
8658,2202
8659,2202
8660,2200
8661,2202
8662,2202
8663,2202
8664,2202
8665,2202
8666,2202
8667,2202
8668,2202
8669,2202
8670,2202
8671,2201
8672,2202
8673,2202
8674,2202
8675,2202
8676,2202
8677,2202
8678,2202
8679,2202
8680,2202
8681,2201
8682,2202
8683,2202
8684,2202
8685,2202
8686,2201
8687,2202
8688,2202
8689,2202
8690,2202
8691,2202
8692,2202
8693,2202
8694,2202
8695,2202
8696,2200
8697,2202
8698,2202
8699,2202
8700,2201
8701,2202
8702,2202
8703,2202
8704,2202
8705,2202
8706,2202
8707,2202
8708,2202
8709,2202
8710,2202
8711,2202
8712,2202
8713,2202
8714,2202
8715,2202
8716,2202
8717,2202
8718,2202
8719,2202
8720,2202
8721,2202
8722,2202
8723,2202
8724,2202
8725,2202
8726,2202
8727,2202
8728,2202
8729,2202
8730,2202
8731,2202
8732,2202
8733,2202
8734,2202
8735,2202
8736,2202
8737,2202
8738,2202
8739,2202
8740,2202
8741,2202
8742,2202
8743,2202
8744,2202
8745,2202
8746,2201
8747,2201
8748,2202
8749,2202
8750,2201
8751,2202
8752,2202
8753,2202
8754,2202
8755,2202
8756,2202
8757,2202
8758,2202
8759,2202
8760,2200
8761,2202
8762,2202
8763,2202
8764,2202
8765,2202
8766,2202
8767,2202
8768,2202
8769,2202
8770,2202
8771,2201
8772,2202
8773,2202
8774,2202
8775,2202
8776,2202
8777,2202
8778,2202
8779,2202
8780,2202
8781,2201
8782,2202
8783,2202
8784,2202
8785,2202
8786,2201
8787,2202
8788,2202
8789,2202
8790,2202
8791,2202
8792,2202
8793,2202
8794,2202
8795,2202
8796,2200
8797,2202
8798,2202
8799,2202
8800,2201
8801,2202
8802,2202
8803,2202
8804,2202
8805,2202
8806,2202
8807,2202
8808,2202
8809,2202
8810,2202
8811,2202
8812,2202
8813,2202
8814,2202
8815,2202
8816,2202
8817,2202
8818,2202
8819,2202
8820,2202
8821,2202
8822,2202
8823,2202
8824,2202
8825,2202
8826,2202
8827,2202
8828,2202
8829,2202
8830,2202
8831,2202
8832,2202
8833,2202
8834,2202
8835,2202
8836,2202
8837,2202
8838,2202
8839,2202
8840,2202
8841,2202
8842,2202
8843,2202
8844,2202
8845,2202
8846,2201
8847,2201
8848,2202
8849,2202
8850,2201
8851,2202
8852,2202
8853,2202
8854,2202
8855,2202
8856,2202
8857,2202
8858,2202
8859,2202
8860,2200
8861,2202
8862,2202
8863,2202
8864,2202
8865,2202
8866,2202
8867,2202
8868,2202
8869,2202
8870,2202
8871,2201
8872,2202
8873,2202
8874,2202
8875,2202
8876,2202
8877,2202
8878,2202
8879,2202
8880,2202
8881,2201
8882,2202
8883,2202
8884,2202
8885,2202
8886,2201
8887,2202
8888,2202
8889,2202
8890,2202
8891,2202
8892,2202
8893,2202
8894,2202
8895,2202
8896,2200
8897,2202
8898,2202
8899,2202
8900,2201
8901,2202
8902,2202
8903,2202
8904,2202
8905,2202
8906,2202
8907,2202
8908,2202
8909,2202
8910,2202
8911,2202
8912,2202
8913,2202
8914,2202
8915,2202
8916,2202
8917,2202
8918,2202
8919,2202
8920,2202
8921,2202
8922,2202
8923,2202
8924,2202
8925,2202
8926,2202
8927,2202
8928,2202
8929,2202
8930,2202
8931,2202
8932,2202
8933,2202
8934,2202
8935,2202
8936,2202
8937,2202
8938,2202
8939,2202
8940,2202
8941,2202
8942,2202
8943,2202
8944,2202
8945,2202
8946,2201
8947,2201
8948,2202
8949,2202
8950,2201
8951,2202
8952,2202
8953,2202
8954,2202
8955,2202
8956,2202
8957,2202
8958,2202
8959,2202
8960,2200
8961,2202
8962,2202
8963,2202
8964,2202
8965,2202
8966,2202
8967,2202
8968,2202
8969,2202
8970,2202
8971,2201
8972,2202
8973,2202
8974,2202
8975,2202
8976,2202
8977,2202
8978,2202
8979,2202
8980,2202
8981,2201
8982,2202
8983,2202
8984,2202
8985,2202
8986,2201
8987,2202
8988,2202
8989,2202
8990,2202
8991,2202
8992,2202
8993,2202
8994,2202
8995,2202
8996,2200
8997,2202
8998,2202
8999,2202
9000,2201
9001,2202
9002,2202
9003,2202
9004,2202
9005,2202
9006,2202
9007,2202
9008,2202
9009,2202
9010,2202
9011,2202
9012,2202
9013,2202
9014,2202
9015,2202
9016,2202
9017,2202
9018,2202
9019,2202
9020,2202
9021,2202
9022,2202
9023,2202
9024,2202
9025,2202
9026,2202
9027,2202
9028,2202
9029,2202
9030,2202
9031,2202
9032,2202
9033,2202
9034,2202
9035,2202
9036,2202
9037,2202
9038,2202
9039,2202
9040,2202
9041,2202
9042,2202
9043,2202
9044,2202
9045,2202
9046,2201
9047,2201
9048,2202
9049,2202
9050,2201
9051,2202
9052,2202
9053,2202
9054,2202
9055,2202
9056,2202
9057,2202
9058,2202
9059,2202
9060,2200
9061,2202
9062,2202
9063,2202
9064,2202
9065,2202
9066,2202
9067,2202
9068,2202
9069,2202
9070,2202
9071,2201
9072,2202
9073,2202
9074,2202
9075,2202
9076,2202
9077,2202
9078,2202
9079,2202
9080,2202
9081,2201
9082,2202
9083,2202
9084,2202
9085,2202
9086,2201
9087,2202
9088,2202
9089,2202
9090,2202
9091,2202
9092,2202
9093,2202
9094,2202
9095,2202
9096,2200
9097,2202
9098,2202
9099,2202
9100,2201
9101,2202
9102,2202
9103,2202
9104,2202
9105,2202
9106,2202
9107,2202
9108,2202
9109,2202
9110,2202
9111,2202
9112,2202
9113,2202
9114,2202
9115,2202
9116,2202
9117,2202
9118,2202
9119,2202
9120,2202
9121,2202
9122,2202
9123,2202
9124,2202
9125,2202
9126,2202
9127,2202
9128,2202
9129,2202
9130,2202
9131,2202
9132,2202
9133,2202
9134,2202
9135,2202
9136,2202
9137,2202
9138,2202
9139,2202
9140,2202
9141,2202
9142,2202
9143,2202
9144,2202
9145,2202
9146,2201
9147,2201
9148,2202
9149,2202
9150,2201
9151,2202
9152,2202
9153,2202
9154,2202
9155,2202
9156,2202
9157,2202
9158,2202
9159,2202
9160,2200
9161,2202
9162,2202
9163,2202
9164,2202
9165,2202
9166,2202
9167,2202
9168,2202
9169,2202
9170,2202
9171,2201
9172,2202
9173,2202
9174,2202
9175,2202
9176,2202
9177,2202
9178,2202
9179,2202
9180,2202
9181,2201
9182,2202
9183,2202
9184,2202
9185,2202
9186,2201
9187,2202
9188,2202
9189,2202
9190,2202
9191,2202
9192,2202
9193,2202
9194,2202
9195,2202
9196,2200
9197,2202
9198,2202
9199,2202
9200,2201
9201,2202
9202,2202
9203,2202
9204,2202
9205,2202
9206,2202
9207,2202
9208,2202
9209,2202
9210,2202
9211,2202
9212,2202
9213,2202
9214,2202
9215,2202
9216,2202
9217,2202
9218,2202
9219,2202
9220,2202
9221,2202
9222,2202
9223,2202
9224,2202
9225,2202
9226,2202
9227,2202
9228,2202
9229,2202
9230,2202
9231,2202
9232,2202
9233,2202
9234,2202
9235,2202
9236,2202
9237,2202
9238,2202
9239,2202
9240,2202
9241,2202
9242,2202
9243,2202
9244,2202
9245,2202
9246,2201
9247,2201
9248,2202
9249,2202
9250,2201
9251,2202
9252,2202
9253,2202
9254,2202
9255,2202
9256,2202
9257,2202
9258,2202
9259,2202
9260,2200
9261,2202
9262,2202
9263,2202
9264,2202
9265,2202
9266,2202
9267,2202
9268,2202
9269,2202
9270,2202
9271,2201
9272,2202
9273,2202
9274,2202
9275,2202
9276,2202
9277,2202
9278,2202
9279,2202
9280,2202
9281,2201
9282,2202
9283,2202
9284,2202
9285,2202
9286,2201
9287,2202
9288,2202
9289,2202
9290,2202
9291,2202
9292,2202
9293,2202
9294,2202
9295,2202
9296,2200
9297,2202
9298,2202
9299,2202
9300,2201
9301,2202
9302,2202
9303,2202
9304,2202
9305,2202
9306,2202
9307,2202
9308,2202
9309,2202
9310,2202
9311,2202
9312,2202
9313,2202
9314,2202
9315,2202
9316,2202
9317,2202
9318,2202
9319,2202
9320,2202
9321,2202
9322,2202
9323,2202
9324,2202
9325,2202
9326,2202
9327,2202
9328,2202
9329,2202
9330,2202
9331,2202
9332,2202
9333,2202
9334,2202
9335,2202
9336,2202
9337,2202
9338,2202
9339,2202
9340,2202
9341,2202
9342,2202
9343,2202
9344,2202
9345,2202
9346,2201
9347,2201
9348,2202
9349,2202
9350,2201
9351,2202
9352,2202
9353,2202
9354,2202
9355,2202
9356,2202
9357,2202
9358,2202
9359,2202
9360,2200
9361,2202
9362,2202
9363,2202
9364,2202
9365,2202
9366,2202
9367,2202
9368,2202
9369,2202
9370,2202
9371,2201
9372,2202
9373,2202
9374,2202
9375,2202
9376,2202
9377,2202
9378,2202
9379,2202
9380,2202
9381,2201
9382,2202
9383,2202
9384,2202
9385,2202
9386,2201
9387,2202
9388,2202
9389,2202
9390,2202
9391,2202
9392,2202
9393,2202
9394,2202
9395,2202
9396,2200
9397,2202
9398,2202
9399,2202
9400,2201
9401,2202
9402,2202
9403,2202
9404,2202
9405,2202
9406,2202
9407,2202
9408,2202
9409,2202
9410,2202
9411,2202
9412,2202
9413,2202
9414,2202
9415,2202
9416,2202
9417,2202
9418,2202
9419,2202
9420,2202
9421,2202
9422,2202
9423,2202
9424,2202
9425,2202
9426,2202
9427,2202
9428,2202
9429,2202
9430,2202
9431,2202
9432,2202
9433,2202
9434,2202
9435,2202
9436,2202
9437,2202
9438,2202
9439,2202
9440,2202
9441,2202
9442,2202
9443,2202
9444,2202
9445,2202
9446,2201
9447,2201
9448,2202
9449,2202
9450,2201
9451,2202
9452,2202
9453,2202
9454,2202
9455,2202
9456,2202
9457,2202
9458,2202
9459,2202
9460,2199
9461,2202
9462,2202
9463,2202
9464,2202
9465,2202
9466,2202
9467,2202
9468,2202
9469,2202
9470,2202
9471,2200
9472,2202
9473,2202
9474,2202
9475,2202
9476,2202
9477,2202
9478,2202
9479,2202
9480,2202
9481,2201
9482,2202
9483,2202
9484,2202
9485,2202
9486,2201
9487,2202
9488,2202
9489,2202
9490,2202
9491,2201
9492,2202
9493,2202
9494,2202
9495,2202
9496,2200
9497,2202
9498,2202
9499,2202
9500,2201
9501,2202
9502,2202
9503,2202
9504,2202
9505,2202
9506,2202
9507,2202
9508,2202
9509,2202
9510,2202
9511,2202
9512,2202
9513,2202
9514,2202
9515,2202
9516,2202
9517,2202
9518,2202
9519,2202
9520,2202
9521,2202
9522,2202
9523,2202
9524,2202
9525,2202
9526,2202
9527,2202
9528,2202
9529,2202
9530,2202
9531,2202
9532,2202
9533,2202
9534,2202
9535,2202
9536,2202
9537,2202
9538,2202
9539,2202
9540,2202
9541,2202
9542,2202
9543,2202
9544,2202
9545,2202
9546,2201
9547,2201
9548,2202
9549,2202
9550,2201
9551,2202
9552,2202
9553,2202
9554,2202
9555,2202
9556,2202
9557,2202
9558,2202
9559,2202
9560,2199
9561,2202
9562,2202
9563,2202
9564,2202
9565,2202
9566,2202
9567,2202
9568,2202
9569,2202
9570,2202
9571,2200
9572,2202
9573,2202
9574,2202
9575,2202
9576,2202
9577,2202
9578,2202
9579,2202
9580,2202
9581,2201
9582,2202
9583,2202
9584,2202
9585,2202
9586,2201
9587,2202
9588,2202
9589,2202
9590,2202
9591,2201
9592,2202
9593,2202
9594,2202
9595,2202
9596,2200
9597,2202
9598,2202
9599,2202
9600,2201
9601,2202
9602,2202
9603,2202
9604,2202
9605,2202
9606,2202
9607,2202
9608,2202
9609,2202
9610,2202
9611,2202
9612,2202
9613,2202
9614,2202
9615,2202
9616,2202
9617,2202
9618,2202
9619,2202
9620,2202
9621,2202
9622,2202
9623,2202
9624,2202
9625,2202
9626,2202
9627,2202
9628,2202
9629,2202
9630,2202
9631,2202
9632,2202
9633,2202
9634,2202
9635,2202
9636,2202
9637,2202
9638,2202
9639,2202
9640,2202
9641,2202
9642,2202
9643,2202
9644,2202
9645,2202
9646,2201
9647,2201
9648,2202
9649,2202
9650,2201
9651,2202
9652,2202
9653,2202
9654,2202
9655,2202
9656,2202
9657,2202
9658,2202
9659,2202
9660,2199
9661,2202
9662,2202
9663,2202
9664,2202
9665,2202
9666,2202
9667,2202
9668,2202
9669,2202
9670,2202
9671,2200
9672,2202
9673,2202
9674,2202
9675,2202
9676,2202
9677,2202
9678,2202
9679,2202
9680,2202
9681,2201
9682,2202
9683,2202
9684,2202
9685,2202
9686,2201
9687,2202
9688,2202
9689,2202
9690,2202
9691,2201
9692,2202
9693,2202
9694,2202
9695,2202
9696,2200
9697,2202
9698,2202
9699,2202
9700,2201
9701,2202
9702,2202
9703,2202
9704,2202
9705,2202
9706,2202
9707,2202
9708,2202
9709,2202
9710,2202
9711,2202
9712,2202
9713,2202
9714,2202
9715,2202
9716,2202
9717,2202
9718,2202
9719,2202
9720,2202
9721,2202
9722,2202
9723,2202
9724,2202
9725,2202
9726,2202
9727,2202
9728,2202
9729,2202
9730,2202
9731,2202
9732,2202
9733,2202
9734,2202
9735,2202
9736,2202
9737,2202
9738,2202
9739,2202
9740,2202
9741,2202
9742,2202
9743,2202
9744,2202
9745,2202
9746,2201
9747,2201
9748,2202
9749,2202
9750,2201
9751,2202
9752,2202
9753,2202
9754,2202
9755,2202
9756,2202
9757,2202
9758,2202
9759,2202
9760,2199
9761,2202
9762,2202
9763,2202
9764,2202
9765,2202
9766,2202
9767,2202
9768,2202
9769,2202
9770,2202
9771,2200
9772,2202
9773,2202
9774,2202
9775,2202
9776,2202
9777,2202
9778,2202
9779,2202
9780,2202
9781,2201
9782,2202
9783,2202
9784,2202
9785,2202
9786,2201
9787,2202
9788,2202
9789,2202
9790,2202
9791,2201
9792,2202
9793,2202
9794,2202
9795,2202
9796,2200
9797,2202
9798,2202
9799,2202
9800,2201
9801,2202
9802,2202
9803,2202
9804,2202
9805,2202
9806,2202
9807,2202
9808,2202
9809,2202
9810,2202
9811,2202
9812,2202
9813,2202
9814,2202
9815,2202
9816,2202
9817,2202
9818,2202
9819,2202
9820,2202
9821,2202
9822,2202
9823,2202
9824,2202
9825,2202
9826,2202
9827,2202
9828,2202
9829,2202
9830,2202
9831,2202
9832,2202
9833,2202
9834,2202
9835,2202
9836,2202
9837,2202
9838,2202
9839,2202
9840,2202
9841,2202
9842,2202
9843,2202
9844,2202
9845,2202
9846,2201
9847,2201
9848,2202
9849,2202
9850,2201
9851,2202
9852,2202
9853,2202
9854,2202
9855,2202
9856,2202
9857,2202
9858,2202
9859,2202
9860,2199
9861,2202
9862,2202
9863,2202
9864,2202
9865,2202
9866,2202
9867,2202
9868,2202
9869,2202
9870,2202
9871,2200
9872,2202
9873,2202
9874,2202
9875,2202
9876,2202
9877,2202
9878,2202
9879,2202
9880,2202
9881,2201
9882,2202
9883,2202
9884,2202
9885,2202
9886,2201
9887,2202
9888,2202
9889,2202
9890,2202
9891,2201
9892,2202
9893,2202
9894,2202
9895,2202
9896,2200
9897,2202
9898,2202
9899,2202
9900,2201
9901,2202
9902,2202
9903,2202
9904,2202
9905,2202
9906,2202
9907,2202
9908,2202
9909,2202
9910,2202
9911,2202
9912,2202
9913,2202
9914,2202
9915,2202
9916,2202
9917,2202
9918,2202
9919,2202
9920,2202
9921,2202
9922,2202
9923,2202
9924,2202
9925,2202
9926,2202
9927,2202
9928,2202
9929,2202
9930,2202
9931,2202
9932,2202
9933,2202
9934,2202
9935,2202
9936,2202
9937,2202
9938,2202
9939,2202
9940,2202
9941,2202
9942,2202
9943,2202
9944,2202
9945,2202
9946,2201
9947,2201
9948,2202
9949,2202
9950,2201
9951,2202
9952,2202
9953,2202
9954,2202
9955,2202
9956,2202
9957,2202
9958,2202
9959,2202
9960,2199
9961,2202
9962,2202
9963,2202
9964,2202
9965,2202
9966,2202
9967,2202
9968,2202
9969,2202
9970,2202
9971,2200
9972,2202
9973,2202
9974,2202
9975,2202
9976,2202
9977,2202
9978,2202
9979,2202
9980,2202
9981,2201
9982,2202
9983,2202
9984,2202
9985,2202
9986,2201
9987,2202
9988,2202
9989,2202
9990,2202
9991,2201
9992,2202
9993,2202
9994,2202
9995,2202
9996,2200
9997,2202
9998,2202
9999,2202
10000,2201
10001,2202
10002,2202
10003,2202
10004,2202
10005,2202
10006,2202
10007,2202
10008,2202
10009,2202
10010,2202
10011,2202
10012,2202
10013,2202
10014,2202
10015,2202
10016,2202
10017,2202
10018,2202
10019,2202
10020,2202
10021,2202
10022,2202
10023,2202
10024,2202
10025,2202
10026,2202
10027,2202
10028,2202
10029,2202
10030,2202
10031,2202
10032,2202
10033,2202
10034,2202
10035,2202
10036,2202
10037,2202
10038,2202
10039,2202
10040,2202
10041,2202
10042,2202
10043,2202
10044,2202
10045,2202
10046,2201
10047,2201
10048,2202
10049,2202
10050,2201
10051,2202
10052,2202
10053,2202
10054,2202
10055,2202
10056,2202
10057,2202
10058,2202
10059,2202
10060,2199
10061,2202
10062,2202
10063,2202
10064,2202
10065,2202
10066,2202
10067,2202
10068,2202
10069,2202
10070,2202
10071,2200
10072,2202
10073,2202
10074,2202
10075,2202
10076,2202
10077,2202
10078,2202
10079,2202
10080,2202
10081,2201
10082,2202
10083,2202
10084,2202
10085,2202
10086,2201
10087,2202
10088,2202
10089,2202
10090,2202
10091,2201
10092,2202
10093,2202
10094,2202
10095,2202
10096,2200
10097,2202
10098,2202
10099,2202
10100,2201
10101,2202
10102,2202
10103,2202
10104,2202
10105,2202
10106,2202
10107,2202
10108,2202
10109,2202
10110,2202
10111,2202
10112,2202
10113,2202
10114,2202
10115,2202
10116,2202
10117,2202
10118,2202
10119,2202
10120,2202
10121,2202
10122,2202
10123,2202
10124,2202
10125,2202
10126,2202
10127,2202
10128,2202
10129,2202
10130,2202
10131,2202
10132,2202
10133,2202
10134,2202
10135,2202
10136,2202
10137,2202
10138,2202
10139,2202
10140,2202
10141,2202
10142,2202
10143,2202
10144,2202
10145,2202
10146,2201
10147,2201
10148,2202
10149,2202
10150,2201
10151,2202
10152,2202
10153,2202
10154,2202
10155,2202
10156,2202
10157,2202
10158,2202
10159,2202
10160,2199
10161,2202
10162,2202
10163,2202
10164,2202
10165,2202
10166,2202
10167,2202
10168,2202
10169,2202
10170,2202
10171,2200
10172,2202
10173,2202
10174,2202
10175,2202
10176,2202
10177,2202
10178,2202
10179,2202
10180,2202
10181,2201
10182,2202
10183,2202
10184,2202
10185,2202
10186,2201
10187,2202
10188,2202
10189,2202
10190,2202
10191,2201
10192,2202
10193,2202
10194,2202
10195,2202
10196,2200
10197,2202
10198,2202
10199,2202
10200,2201
10201,2202
10202,2202
10203,2202
10204,2202
10205,2202
10206,2202
10207,2202
10208,2202
10209,2202
10210,2202
10211,2202
10212,2202
10213,2202
10214,2202
10215,2202
10216,2202
10217,2202
10218,2202
10219,2202
10220,2202
10221,2202
10222,2202
10223,2202
10224,2202
10225,2202
10226,2202
10227,2202
10228,2202
10229,2202
10230,2202
10231,2202
10232,2202
10233,2202
10234,2202
10235,2202
10236,2202
10237,2202
10238,2202
10239,2202
10240,2202
10241,2202
10242,2202
10243,2202
10244,2202
10245,2202
10246,2201
10247,2201
10248,2202
10249,2202
10250,2201
10251,2202
10252,2202
10253,2202
10254,2202
10255,2202
10256,2202
10257,2202
10258,2202
10259,2202
10260,2199
10261,2202
10262,2202
10263,2202
10264,2202
10265,2202
10266,2202
10267,2202
10268,2202
10269,2202
10270,2202
10271,2200
10272,2202
10273,2202
10274,2202
10275,2202
10276,2202
10277,2202
10278,2202
10279,2202
10280,2202
10281,2201
10282,2202
10283,2202
10284,2202
10285,2202
10286,2201
10287,2202
10288,2202
10289,2202
10290,2202
10291,2201
10292,2202
10293,2202
10294,2202
10295,2202
10296,2200
10297,2202
10298,2202
10299,2202
10300,2201
10301,2202
10302,2202
10303,2202
10304,2202
10305,2202
10306,2202
10307,2202
10308,2202
10309,2202
10310,2202
10311,2202
10312,2202
10313,2202
10314,2202
10315,2202
10316,2202
10317,2202
10318,2202
10319,2202
10320,2202
10321,2202
10322,2202
10323,2202
10324,2202
10325,2202
10326,2202
10327,2202
10328,2202
10329,2202
10330,2202
10331,2202
10332,2202
10333,2202
10334,2202
10335,2202
10336,2202
10337,2202
10338,2202
10339,2202
10340,2202
10341,2202
10342,2202
10343,2202
10344,2202
10345,2202
10346,2201
10347,2201
10348,2202
10349,2202
10350,2201
10351,2202
10352,2202
10353,2202
10354,2202
10355,2202
10356,2202
10357,2202
10358,2202
10359,2202
10360,2199
10361,2202
10362,2202
10363,2202
10364,2202
10365,2202
10366,2202
10367,2202
10368,2202
10369,2202
10370,2202
10371,2200
10372,2202
10373,2202
10374,2202
10375,2202
10376,2202
10377,2202
10378,2202
10379,2202
10380,2202
10381,2201
10382,2202
10383,2202
10384,2202
10385,2202
10386,2201
10387,2202
10388,2202
10389,2202
10390,2202
10391,2201
10392,2202
10393,2202
10394,2202
10395,2202
10396,2200
10397,2202
10398,2202
10399,2202
10400,2201
10401,2202
10402,2202
10403,2202
10404,2202
10405,2202
10406,2202
10407,2202
10408,2202
10409,2202
10410,2202
10411,2202
10412,2202
10413,2202
10414,2202
10415,2202
10416,2202
10417,2202
10418,2202
10419,2202
10420,2202
10421,2202
10422,2202
10423,2202
10424,2202
10425,2202
10426,2202
10427,2202
10428,2202
10429,2202
10430,2202
10431,2202
10432,2202
10433,2202
10434,2202
10435,2202
10436,2202
10437,2202
10438,2202
10439,2202
10440,2202
10441,2202
10442,2202
10443,2202
10444,2202
10445,2202
10446,2201
10447,2201
10448,2202
10449,2202
10450,2201
10451,2202
10452,2202
10453,2202
10454,2202
10455,2202
10456,2202
10457,2202
10458,2202
10459,2202
10460,2199
10461,2202
10462,2202
10463,2202
10464,2202
10465,2202
10466,2202
10467,2202
10468,2202
10469,2202
10470,2202
10471,2200
10472,2202
10473,2202
10474,2202
10475,2202
10476,2202
10477,2202
10478,2202
10479,2202
10480,2202
10481,2201
10482,2202
10483,2202
10484,2202
10485,2202
10486,2201
10487,2202
10488,2202
10489,2202
10490,2202
10491,2201
10492,2202
10493,2202
10494,2202
10495,2202
10496,2200
10497,2202
10498,2202
10499,2202
10500,2201
10501,2202
10502,2202
10503,2202
10504,2202
10505,2202
10506,2202
10507,2202
10508,2202
10509,2202
10510,2202
10511,2202
10512,2202
10513,2202
10514,2202
10515,2202
10516,2202
10517,2202
10518,2202
10519,2202
10520,2202
10521,2202
10522,2202
10523,2202
10524,2202
10525,2202
10526,2202
10527,2202
10528,2202
10529,2202
10530,2202
10531,2202
10532,2202
10533,2202
10534,2202
10535,2202
10536,2202
10537,2202
10538,2202
10539,2202
10540,2202
10541,2202
10542,2202
10543,2202
10544,2202
10545,2202
10546,2201
10547,2201
10548,2202
10549,2202
10550,2201
10551,2202
10552,2202
10553,2202
10554,2202
10555,2202
10556,2202
10557,2202
10558,2202
10559,2202
10560,2200
10561,2202
10562,2202
10563,2202
10564,2202
10565,2202
10566,2202
10567,2202
10568,2202
10569,2202
10570,2202
10571,2200
10572,2202
10573,2202
10574,2202
10575,2202
10576,2202
10577,2202
10578,2202
10579,2202
10580,2202
10581,2202
10582,2202
10583,2202
10584,2202
10585,2202
10586,2201
10587,2202
10588,2202
10589,2202
10590,2202
10591,2201
10592,2202
10593,2202
10594,2202
10595,2202
10596,2201
10597,2202
10598,2202
10599,2202
10600,2201
10601,2202
10602,2202
10603,2202
10604,2202
10605,2202
10606,2202
10607,2202
10608,2202
10609,2202
10610,2202
10611,2202
10612,2202
10613,2202
10614,2202
10615,2202
10616,2202
10617,2202
10618,2202
10619,2202
10620,2202
10621,2202
10622,2202
10623,2202
10624,2202
10625,2202
10626,2202
10627,2202
10628,2202
10629,2202
10630,2202
10631,2202
10632,2202
10633,2202
10634,2202
10635,2202
10636,2202
10637,2202
10638,2202
10639,2202
10640,2202
10641,2202
10642,2202
10643,2202
10644,2202
10645,2202
10646,2201
10647,2201
10648,2202
10649,2202
10650,2201
10651,2202
10652,2202
10653,2202
10654,2202
10655,2202
10656,2202
10657,2202
10658,2202
10659,2202
10660,2200
10661,2202
10662,2202
10663,2202
10664,2202
10665,2202
10666,2202
10667,2202
10668,2202
10669,2202
10670,2202
10671,2200
10672,2202
10673,2202
10674,2202
10675,2202
10676,2202
10677,2202
10678,2202
10679,2202
10680,2202
10681,2202
10682,2202
10683,2202
10684,2202
10685,2202
10686,2201
10687,2202
10688,2202
10689,2202
10690,2202
10691,2201
10692,2202
10693,2202
10694,2202
10695,2202
10696,2201
10697,2202
10698,2202
10699,2202
10700,2201
10701,2202
10702,2202
10703,2202
10704,2202
10705,2202
10706,2202
10707,2202
10708,2202
10709,2202
10710,2202
10711,2202
10712,2202
10713,2202
10714,2202
10715,2202
10716,2202
10717,2202
10718,2202
10719,2202
10720,2202
10721,2202
10722,2202
10723,2202
10724,2202
10725,2202
10726,2202
10727,2202
10728,2202
10729,2202
10730,2202
10731,2202
10732,2202
10733,2202
10734,2202
10735,2202
10736,2202
10737,2202
10738,2202
10739,2202
10740,2202
10741,2202
10742,2202
10743,2202
10744,2202
10745,2202
10746,2201
10747,2201
10748,2202
10749,2202
10750,2201
10751,2202
10752,2202
10753,2202
10754,2202
10755,2202
10756,2202
10757,2202
10758,2202
10759,2202
10760,2200
10761,2202
10762,2202
10763,2202
10764,2202
10765,2202
10766,2202
10767,2202
10768,2202
10769,2202
10770,2202
10771,2200
10772,2202
10773,2202
10774,2202
10775,2202
10776,2202
10777,2202
10778,2202
10779,2202
10780,2202
10781,2202
10782,2202
10783,2202
10784,2202
10785,2202
10786,2201
10787,2202
10788,2202
10789,2202
10790,2202
10791,2201
10792,2202
10793,2202
10794,2202
10795,2202
10796,2201
10797,2202
10798,2202
10799,2202
10800,2201
10801,2202
10802,2202
10803,2202
10804,2202
10805,2202
10806,2202
10807,2202
10808,2202
10809,2202
10810,2202
10811,2202
10812,2202
10813,2202
10814,2202
10815,2202
10816,2202
10817,2202
10818,2202
10819,2202
10820,2202
10821,2202
10822,2202
10823,2202
10824,2202
10825,2202
10826,2202
10827,2202
10828,2202
10829,2202
10830,2202
10831,2202
10832,2202
10833,2202
10834,2202
10835,2202
10836,2202
10837,2202
10838,2202
10839,2202
10840,2202
10841,2202
10842,2202
10843,2202
10844,2202
10845,2202
10846,2201
10847,2201
10848,2202
10849,2202
10850,2201
10851,2202
10852,2202
10853,2202
10854,2202
10855,2202
10856,2202
10857,2202
10858,2202
10859,2202
10860,2200
10861,2202
10862,2202
10863,2202
10864,2202
10865,2202
10866,2202
10867,2202
10868,2202
10869,2202
10870,2202
10871,2200
10872,2202
10873,2202
10874,2202
10875,2202
10876,2202
10877,2202
10878,2202
10879,2202
10880,2202
10881,2202
10882,2202
10883,2202
10884,2202
10885,2202
10886,2201
10887,2202
10888,2202
10889,2202
10890,2202
10891,2201
10892,2202
10893,2202
10894,2202
10895,2202
10896,2201
10897,2202
10898,2202
10899,2202
10900,2201
10901,2202
10902,2202
10903,2202
10904,2202
10905,2202
10906,2202
10907,2202
10908,2202
10909,2202
10910,2202
10911,2202
10912,2202
10913,2202
10914,2202
10915,2202
10916,2202
10917,2202
10918,2202
10919,2202
10920,2202
10921,2202
10922,2202
10923,2202
10924,2202
10925,2202
10926,2202
10927,2202
10928,2202
10929,2202
10930,2202
10931,2202
10932,2202
10933,2202
10934,2202
10935,2202
10936,2202
10937,2202
10938,2202
10939,2202
10940,2202
10941,2202
10942,2202
10943,2202
10944,2202
10945,2202
10946,2201
10947,2201
10948,2202
10949,2202
10950,2201
10951,2202
10952,2202
10953,2202
10954,2202
10955,2202
10956,2202
10957,2202
10958,2202
10959,2202
10960,2200
10961,2202
10962,2202
10963,2202
10964,2202
10965,2202
10966,2202
10967,2202
10968,2202
10969,2202
10970,2202
10971,2200
10972,2202
10973,2202
10974,2202
10975,2202
10976,2202
10977,2202
10978,2202
10979,2202
10980,2202
10981,2202
10982,2202
10983,2202
10984,2202
10985,2202
10986,2201
10987,2202
10988,2202
10989,2202
10990,2202
10991,2201
10992,2202
10993,2202
10994,2202
10995,2202
10996,2201
10997,2202
10998,2202
10999,2202
11000,2201
11001,2202
11002,2202
11003,2202
11004,2202
11005,2202
11006,2202
11007,2202
11008,2202
11009,2202
11010,2202
11011,2202
11012,2202
11013,2202
11014,2202
11015,2202
11016,2202
11017,2202
11018,2202
11019,2202
11020,2202
11021,2202
11022,2202
11023,2202
11024,2202
11025,2202
11026,2202
11027,2202
11028,2202
11029,2202
11030,2202
11031,2202
11032,2202
11033,2202
11034,2202
11035,2202
11036,2202
11037,2202
11038,2202
11039,2202
11040,2202
11041,2202
11042,2202
11043,2202
11044,2202
11045,2202
11046,2201
11047,2201
11048,2202
11049,2202
11050,2201
11051,2202
11052,2202
11053,2202
11054,2202
11055,2202
11056,2202
11057,2202
11058,2202
11059,2202
11060,2200
11061,2202
11062,2202
11063,2202
11064,2202
11065,2202
11066,2202
11067,2202
11068,2202
11069,2202
11070,2202
11071,2200
11072,2202
11073,2202
11074,2202
11075,2202
11076,2202
11077,2202
11078,2202
11079,2202
11080,2202
11081,2202
11082,2202
11083,2202
11084,2202
11085,2202
11086,2201
11087,2202
11088,2202
11089,2202
11090,2202
11091,2201
11092,2202
11093,2202
11094,2202
11095,2202
11096,2201
11097,2202
11098,2202
11099,2202
11100,2201
11101,2202
11102,2202
11103,2202
11104,2202
11105,2202
11106,2202
11107,2202
11108,2202
11109,2202
11110,2202
11111,2202
11112,2202
11113,2202
11114,2202
11115,2202
11116,2202
11117,2202
11118,2202
11119,2202
11120,2202
11121,2202
11122,2202
11123,2202
11124,2202
11125,2202
11126,2202
11127,2202
11128,2202
11129,2202
11130,2202
11131,2202
11132,2202
11133,2202
11134,2202
11135,2202
11136,2202
11137,2202
11138,2202
11139,2202
11140,2202
11141,2202
11142,2202
11143,2202
11144,2202
11145,2202
11146,2201
11147,2201
11148,2202
11149,2202
11150,2201
11151,2202
11152,2202
11153,2202
11154,2202
11155,2202
11156,2202
11157,2202
11158,2202
11159,2202
11160,2200
11161,2202
11162,2202
11163,2202
11164,2202
11165,2202
11166,2202
11167,2202
11168,2202
11169,2202
11170,2202
11171,2200
11172,2202
11173,2202
11174,2202
11175,2202
11176,2202
11177,2202
11178,2202
11179,2202
11180,2202
11181,2202
11182,2202
11183,2202
11184,2202
11185,2202
11186,2201
11187,2202
11188,2202
11189,2202
11190,2202
11191,2201
11192,2202
11193,2202
11194,2202
11195,2202
11196,2201
11197,2202
11198,2202
11199,2202
11200,2201
11201,2202
11202,2202
11203,2202
11204,2202
11205,2202
11206,2202
11207,2202
11208,2202
11209,2202
11210,2202
11211,2202
11212,2202
11213,2202
11214,2202
11215,2202
11216,2202
11217,2202
11218,2202
11219,2202
11220,2202
11221,2202
11222,2202
11223,2202
11224,2202
11225,2202
11226,2202
11227,2202
11228,2202
11229,2202
11230,2202
11231,2202
11232,2202
11233,2202
11234,2202
11235,2202
11236,2202
11237,2202
11238,2202
11239,2202
11240,2202
11241,2202
11242,2202
11243,2202
11244,2202
11245,2202
11246,2201
11247,2201
11248,2202
11249,2202
11250,2201
11251,2202
11252,2202
11253,2202
11254,2202
11255,2202
11256,2202
11257,2202
11258,2202
11259,2202
11260,2200
11261,2202
11262,2202
11263,2202
11264,2202
11265,2202
11266,2202
11267,2202
11268,2202
11269,2202
11270,2202
11271,2200
11272,2202
11273,2202
11274,2202
11275,2202
11276,2202
11277,2202
11278,2202
11279,2202
11280,2202
11281,2202
11282,2202
11283,2202
11284,2202
11285,2202
11286,2201
11287,2202
11288,2202
11289,2202
11290,2202
11291,2201
11292,2202
11293,2202
11294,2202
11295,2202
11296,2201
11297,2202
11298,2202
11299,2202
11300,2201
11301,2202
11302,2202
11303,2202
11304,2202
11305,2202
11306,2202
11307,2202
11308,2202
11309,2202
11310,2202
11311,2202
11312,2202
11313,2202
11314,2202
11315,2202
11316,2202
11317,2202
11318,2202
11319,2202
11320,2202
11321,2202
11322,2202
11323,2202
11324,2202
11325,2202
11326,2202
11327,2202
11328,2202
11329,2202
11330,2202
11331,2202
11332,2202
11333,2202
11334,2202
11335,2202
11336,2202
11337,2202
11338,2202
11339,2202
11340,2202
11341,2202
11342,2202
11343,2202
11344,2202
11345,2202
11346,2201
11347,2201
11348,2202
11349,2202
11350,2201
11351,2202
11352,2202
11353,2202
11354,2202
11355,2202
11356,2202
11357,2202
11358,2202
11359,2202
11360,2200
11361,2202
11362,2202
11363,2202
11364,2202
11365,2202
11366,2202
11367,2202
11368,2202
11369,2202
11370,2202
11371,2200
11372,2202
11373,2202
11374,2202
11375,2202
11376,2202
11377,2202
11378,2202
11379,2202
11380,2202
11381,2202
11382,2202
11383,2202
11384,2202
11385,2202
11386,2201
11387,2202
11388,2202
11389,2202
11390,2202
11391,2201
11392,2202
11393,2202
11394,2202
11395,2202
11396,2201
11397,2202
11398,2202
11399,2202
11400,2201
11401,2202
11402,2202
11403,2202
11404,2202
11405,2202
11406,2202
11407,2202
11408,2202
11409,2202
11410,2202
11411,2202
11412,2202
11413,2202
11414,2202
11415,2202
11416,2202
11417,2202
11418,2202
11419,2202
11420,2202
11421,2202
11422,2202
11423,2202
11424,2202
11425,2202
11426,2202
11427,2202
11428,2202
11429,2202
11430,2202
11431,2202
11432,2202
11433,2202
11434,2202
11435,2202
11436,2202
11437,2202
11438,2202
11439,2202
11440,2202
11441,2202
11442,2202
11443,2202
11444,2202
11445,2202
11446,2201
11447,2201
11448,2202
11449,2202
11450,2201
11451,2202
11452,2202
11453,2202
11454,2202
11455,2202
11456,2202
11457,2202
11458,2202
11459,2202
11460,2200
11461,2202
11462,2202
11463,2202
11464,2202
11465,2202
11466,2202
11467,2202
11468,2202
11469,2202
11470,2202
11471,2200
11472,2202
11473,2202
11474,2202
11475,2202
11476,2202
11477,2202
11478,2202
11479,2202
11480,2202
11481,2202
11482,2202
11483,2202
11484,2202
11485,2202
11486,2201
11487,2202
11488,2202
11489,2202
11490,2202
11491,2201
11492,2202
11493,2202
11494,2202
11495,2202
11496,2201
11497,2202
11498,2202
11499,2202
11500,2201
11501,2202
11502,2202
11503,2202
11504,2202
11505,2202
11506,2202
11507,2202
11508,2202
11509,2202
11510,2202
11511,2202
11512,2202
11513,2202
11514,2202
11515,2202
11516,2202
11517,2202
11518,2202
11519,2202
11520,2202
11521,2202
11522,2202
11523,2202
11524,2202
11525,2202
11526,2202
11527,2202
11528,2202
11529,2202
11530,2202
11531,2202
11532,2202
11533,2202
11534,2202
11535,2202
11536,2202
11537,2202
11538,2202
11539,2202
11540,2202
11541,2202
11542,2202
11543,2202
11544,2202
11545,2202
11546,2201
11547,2201
11548,2202
11549,2202
11550,2201
11551,2202
11552,2202
11553,2202
11554,2202
11555,2202
11556,2202
11557,2202
11558,2202
11559,2202
11560,2200
11561,2202
11562,2202
11563,2202
11564,2202
11565,2202
11566,2202
11567,2202
11568,2202
11569,2202
11570,2202
11571,2200
11572,2202
11573,2202
11574,2202
11575,2202
11576,2202
11577,2202
11578,2202
11579,2202
11580,2202
11581,2202
11582,2202
11583,2202
11584,2202
11585,2202
11586,2201
11587,2202
11588,2202
11589,2202
11590,2202
11591,2201
11592,2202
11593,2202
11594,2202
11595,2202
11596,2201
11597,2202
11598,2202
11599,2202
11600,2201
11601,2202
11602,2202
11603,2202
11604,2202
11605,2202
11606,2202
11607,2202
11608,2202
11609,2202
11610,2202
11611,2202
11612,2202
11613,2202
11614,2202
11615,2202
11616,2202
11617,2202
11618,2202
11619,2202
11620,2202
11621,2202
11622,2202
11623,2202
11624,2202
11625,2202
11626,2202
11627,2202
11628,2202
11629,2202
11630,2202
11631,2202
11632,2202
11633,2202
11634,2202
11635,2202
11636,2202
11637,2202
11638,2202
11639,2202
11640,2202
11641,2202
11642,2202
11643,2202
11644,2202
11645,2202
11646,2201
11647,2201
11648,2202
11649,2202
11650,2201
11651,2202
11652,2202
11653,2202
11654,2202
11655,2202
11656,2202
11657,2202
11658,2202
11659,2202
11660,2200
11661,2202
11662,2202
11663,2202
11664,2202
11665,2202
11666,2202
11667,2202
11668,2202
11669,2202
11670,2202
11671,2200
11672,2202
11673,2202
11674,2202
11675,2202
11676,2202
11677,2202
11678,2202
11679,2202
11680,2202
11681,2202
11682,2202
11683,2202
11684,2202
11685,2202
11686,2201
11687,2202
11688,2202
11689,2202
11690,2202
11691,2201
11692,2202
11693,2202
11694,2202
11695,2202
11696,2201
11697,2202
11698,2202
11699,2202
11700,2201
11701,2202
11702,2202
11703,2202
11704,2202
11705,2202
11706,2202
11707,2202
11708,2202
11709,2202
11710,2202
11711,2202
11712,2202
11713,2202
11714,2202
11715,2202
11716,2202
11717,2202
11718,2202
11719,2202
11720,2202
11721,2202
11722,2202
11723,2202
11724,2202
11725,2202
11726,2202
11727,2202
11728,2202
11729,2202
11730,2202
11731,2202
11732,2202
11733,2202
11734,2202
11735,2202
11736,2202
11737,2202
11738,2202
11739,2202
11740,2202
11741,2202
11742,2202
11743,2202
11744,2202
11745,2202
11746,2201
11747,2201
11748,2202
11749,2202
11750,2201
11751,2202
11752,2202
11753,2202
11754,2202
11755,2202
11756,2202
11757,2202
11758,2202
11759,2202
11760,2200
11761,2202
11762,2202
11763,2202
11764,2202
11765,2202
11766,2202
11767,2202
11768,2202
11769,2202
11770,2202
11771,2200
11772,2202
11773,2202
11774,2202
11775,2202
11776,2202
11777,2202
11778,2202
11779,2202
11780,2202
11781,2202
11782,2202
11783,2202
11784,2202
11785,2202
11786,2201
11787,2202
11788,2202
11789,2202
11790,2202
11791,2201
11792,2202
11793,2202
11794,2202
11795,2202
11796,2201
11797,2202
11798,2202
11799,2202
11800,2201
11801,2202
11802,2202
11803,2202
11804,2202
11805,2202
11806,2202
11807,2202
11808,2202
11809,2202
11810,2202
11811,2202
11812,2202
11813,2202
11814,2202
11815,2202
11816,2202
11817,2202
11818,2202
11819,2202
11820,2202
11821,2202
11822,2202
11823,2202
11824,2202
11825,2202
11826,2202
11827,2202
11828,2202
11829,2202
11830,2202
11831,2202
11832,2202
11833,2202
11834,2202
11835,2202
11836,2202
11837,2202
11838,2202
11839,2202
11840,2202
11841,2202
11842,2202
11843,2202
11844,2202
11845,2202
11846,2201
11847,2201
11848,2202
11849,2202
11850,2201
11851,2202
11852,2202
11853,2202
11854,2202
11855,2202
11856,2202
11857,2202
11858,2202
11859,2202
11860,2200
11861,2202
11862,2202
11863,2202
11864,2202
11865,2202
11866,2202
11867,2202
11868,2202
11869,2202
11870,2202
11871,2200
11872,2202
11873,2202
11874,2202
11875,2202
11876,2202
11877,2202
11878,2202
11879,2202
11880,2202
11881,2202
11882,2202
11883,2202
11884,2202
11885,2202
11886,2201
11887,2202
11888,2202
11889,2202
11890,2202
11891,2201
11892,2202
11893,2202
11894,2202
11895,2202
11896,2201
11897,2202
11898,2202
11899,2202
11900,2201
11901,2202
11902,2202
11903,2202
11904,2202
11905,2202
11906,2202
11907,2202
11908,2202
11909,2202
11910,2202
11911,2202
11912,2202
11913,2202
11914,2202
11915,2202
11916,2202
11917,2202
11918,2202
11919,2202
11920,2202
11921,2202
11922,2202
11923,2202
11924,2202
11925,2202
11926,2202
11927,2202
11928,2202
11929,2202
11930,2202
11931,2202
11932,2202
11933,2202
11934,2202
11935,2202
11936,2202
11937,2202
11938,2202
11939,2202
11940,2202
11941,2202
11942,2202
11943,2202
11944,2202
11945,2202
11946,2201
11947,2201
11948,2202
11949,2202
11950,2201
11951,2202
11952,2202
11953,2202
11954,2202
11955,2202
11956,2202
11957,2202
11958,2202
11959,2202
11960,2200
11961,2202
11962,2202
11963,2202
11964,2202
11965,2202
11966,2202
11967,2202
11968,2202
11969,2202
11970,2202
11971,2200
11972,2202
11973,2202
11974,2202
11975,2202
11976,2202
11977,2202
11978,2202
11979,2202
11980,2202
11981,2202
11982,2202
11983,2202
11984,2202
11985,2202
11986,2201
11987,2202
11988,2202
11989,2202
11990,2202
11991,2201
11992,2202
11993,2202
11994,2202
11995,2202
11996,2201
11997,2202
11998,2202
11999,2202
12000,2201
12001,2202
12002,2202
12003,2202
12004,2202
12005,2202
12006,2202
12007,2202
12008,2202
12009,2202
12010,2202
12011,2202
12012,2202
12013,2202
12014,2202
12015,2202
12016,2202
12017,2202
12018,2202
12019,2202
12020,2202
12021,2202
12022,2202
12023,2202
12024,2202
12025,2202
12026,2202
12027,2202
12028,2202
12029,2202
12030,2202
12031,2202
12032,2202
12033,2202
12034,2202
12035,2202
12036,2202
12037,2202
12038,2202
12039,2202
12040,2202
12041,2202
12042,2202
12043,2202
12044,2202
12045,2202
12046,2201
12047,2201
12048,2202
12049,2202
12050,2201
12051,2202
12052,2202
12053,2202
12054,2202
12055,2202
12056,2202
12057,2202
12058,2202
12059,2202
12060,2200
12061,2202
12062,2202
12063,2202
12064,2202
12065,2202
12066,2202
12067,2202
12068,2202
12069,2202
12070,2202
12071,2200
12072,2202
12073,2202
12074,2202
12075,2202
12076,2202
12077,2202
12078,2202
12079,2202
12080,2202
12081,2202
12082,2202
12083,2202
12084,2202
12085,2202
12086,2201
12087,2202
12088,2202
12089,2202
12090,2202
12091,2201
12092,2202
12093,2202
12094,2202
12095,2202
12096,2201
12097,2202
12098,2202
12099,2202
12100,2201
12101,2202
12102,2202
12103,2202
12104,2202
12105,2202
12106,2202
12107,2202
12108,2202
12109,2202
12110,2202
12111,2202
12112,2202
12113,2202
12114,2202
12115,2202
12116,2202
12117,2202
12118,2202
12119,2202
12120,2202
12121,2202
12122,2202
12123,2202
12124,2202
12125,2202
12126,2202
12127,2202
12128,2202
12129,2202
12130,2202
12131,2202
12132,2202
12133,2202
12134,2202
12135,2202
12136,2202
12137,2202
12138,2202
12139,2202
12140,2202
12141,2202
12142,2202
12143,2202
12144,2202
12145,2202
12146,2201
12147,2201
12148,2202
12149,2202
12150,2201
12151,2202
12152,2202
12153,2202
12154,2202
12155,2202
12156,2202
12157,2202
12158,2202
12159,2202
12160,2200
12161,2202
12162,2202
12163,2202
12164,2202
12165,2202
12166,2202
12167,2202
12168,2202
12169,2202
12170,2202
12171,2200
12172,2202
12173,2202
12174,2202
12175,2202
12176,2202
12177,2202
12178,2202
12179,2202
12180,2202
12181,2202
12182,2202
12183,2202
12184,2202
12185,2202
12186,2201
12187,2202
12188,2202
12189,2202
12190,2202
12191,2201
12192,2202
12193,2202
12194,2202
12195,2202
12196,2201
12197,2202
12198,2202
12199,2202
12200,2201
12201,2202
12202,2202
12203,2202
12204,2202
12205,2202
12206,2202
12207,2202
12208,2202
12209,2202
12210,2202
12211,2202
12212,2202
12213,2202
12214,2202
12215,2202
12216,2202
12217,2202
12218,2202
12219,2202
12220,2202
12221,2202
12222,2202
12223,2202
12224,2202
12225,2202
12226,2202
12227,2202
12228,2202
12229,2202
12230,2202
12231,2202
12232,2202
12233,2202
12234,2202
12235,2202
12236,2202
12237,2202
12238,2202
12239,2202
12240,2202
12241,2202
12242,2202
12243,2202
12244,2202
12245,2202
12246,2201
12247,2201
12248,2202
12249,2202
12250,2201
12251,2202
12252,2202
12253,2202
12254,2202
12255,2202
12256,2202
12257,2202
12258,2202
12259,2202
12260,2200
12261,2202
12262,2202
12263,2202
12264,2202
12265,2202
12266,2202
12267,2202
12268,2202
12269,2202
12270,2202
12271,2200
12272,2202
12273,2202
12274,2202
12275,2202
12276,2202
12277,2202
12278,2202
12279,2202
12280,2202
12281,2202
12282,2202
12283,2202
12284,2202
12285,2202
12286,2201
12287,2202
12288,2202
12289,2202
12290,2202
12291,2201
12292,2202
12293,2202
12294,2202
12295,2202
12296,2201
12297,2202
12298,2202
12299,2202
12300,2201
12301,2202
12302,2202
12303,2202
12304,2202
12305,2202
12306,2202
12307,2202
12308,2202
12309,2202
12310,2202
12311,2202
12312,2202
12313,2202
12314,2202
12315,2202
12316,2202
12317,2202
12318,2202
12319,2202
12320,2202
12321,2202
12322,2202
12323,2202
12324,2202
12325,2202
12326,2202
12327,2202
12328,2202
12329,2202
12330,2202
12331,2202
12332,2202
12333,2202
12334,2202
12335,2202
12336,2202
12337,2202
12338,2202
12339,2202
12340,2202
12341,2202
12342,2202
12343,2202
12344,2202
12345,2202
12346,2201
12347,2201
12348,2202
12349,2202
12350,2201
12351,2202
12352,2202
12353,2202
12354,2202
12355,2202
12356,2202
12357,2202
12358,2202
12359,2202
12360,2200
12361,2202
12362,2202
12363,2202
12364,2202
12365,2202
12366,2202
12367,2202
12368,2202
12369,2202
12370,2202
12371,2200
12372,2202
12373,2202
12374,2202
12375,2202
12376,2202
12377,2202
12378,2202
12379,2202
12380,2202
12381,2202
12382,2202
12383,2202
12384,2202
12385,2202
12386,2201
12387,2202
12388,2202
12389,2202
12390,2202
12391,2201
12392,2202
12393,2202
12394,2202
12395,2202
12396,2201
12397,2202
12398,2202
12399,2202
12400,2201
12401,2202
12402,2202
12403,2202
12404,2202
12405,2202
12406,2202
12407,2202
12408,2202
12409,2202
12410,2202
12411,2202
12412,2202
12413,2202
12414,2202
12415,2202
12416,2202
12417,2202
12418,2202
12419,2202
12420,2202
12421,2202
12422,2202
12423,2202
12424,2202
12425,2202
12426,2202
12427,2202
12428,2202
12429,2202
12430,2202
12431,2202
12432,2202
12433,2202
12434,2202
12435,2202
12436,2202
12437,2202
12438,2202
12439,2202
12440,2202
12441,2202
12442,2202
12443,2202
12444,2202
12445,2202
12446,2201
12447,2201
12448,2202
12449,2202
12450,2201
12451,2202
12452,2202
12453,2202
12454,2202
12455,2202
12456,2202
12457,2202
12458,2202
12459,2202
12460,2200
12461,2202
12462,2202
12463,2202
12464,2202
12465,2202
12466,2202
12467,2202
12468,2202
12469,2202
12470,2202
12471,2200
12472,2202
12473,2202
12474,2202
12475,2202
12476,2202
12477,2202
12478,2202
12479,2202
12480,2202
12481,2202
12482,2202
12483,2202
12484,2202
12485,2202
12486,2201
12487,2202
12488,2202
12489,2202
12490,2202
12491,2201
12492,2202
12493,2202
12494,2202
12495,2202
12496,2201
12497,2202
12498,2202
12499,2202
12500,2201
12501,2202
12502,2202
12503,2202
12504,2202
12505,2202
12506,2202
12507,2202
12508,2202
12509,2202
12510,2202
12511,2202
12512,2202
12513,2202
12514,2202
12515,2202
12516,2202
12517,2202
12518,2202
12519,2202
12520,2202
12521,2202
12522,2202
12523,2202
12524,2202
12525,2202
12526,2202
12527,2202
12528,2202
12529,2202
12530,2202
12531,2202
12532,2202
12533,2202
12534,2202
12535,2202
12536,2202
12537,2202
12538,2202
12539,2202
12540,2202
12541,2202
12542,2202
12543,2202
12544,2202
12545,2202
12546,2201
12547,2201
12548,2202
12549,2202
12550,2201
12551,2202
12552,2202
12553,2202
12554,2202
12555,2202
12556,2202
12557,2202
12558,2202
12559,2202
12560,2200
12561,2202
12562,2202
12563,2202
12564,2202
12565,2202
12566,2202
12567,2202
12568,2202
12569,2202
12570,2202
12571,2200
12572,2202
12573,2202
12574,2202
12575,2202
12576,2202
12577,2202
12578,2202
12579,2202
12580,2202
12581,2202
12582,2202
12583,2202
12584,2202
12585,2202
12586,2201
12587,2202
12588,2202
12589,2202
12590,2202
12591,2201
12592,2202
12593,2202
12594,2202
12595,2202
12596,2201
12597,2202
12598,2202
12599,2202
12600,2201
12601,2202
12602,2202
12603,2202
12604,2202
12605,2202
12606,2202
12607,2202
12608,2202
12609,2202
12610,2202
12611,2202
12612,2202
12613,2202
12614,2202
12615,2202
12616,2202
12617,2202
12618,2202
12619,2202
12620,2202
12621,2202
12622,2202
12623,2202
12624,2202
12625,2202
12626,2202
12627,2202
12628,2202
12629,2202
12630,2202
12631,2202
12632,2202
12633,2202
12634,2202
12635,2202
12636,2202
12637,2202
12638,2202
12639,2202
12640,2202
12641,2202
12642,2202
12643,2202
12644,2202
12645,2202
12646,2202
12647,2201
12648,2202
12649,2202
12650,2201
12651,2202
12652,2202
12653,2202
12654,2202
12655,2202
12656,2202
12657,2202
12658,2202
12659,2202
12660,2200
12661,2202
12662,2202
12663,2202
12664,2202
12665,2202
12666,2202
12667,2202
12668,2202
12669,2202
12670,2202
12671,2200
12672,2202
12673,2202
12674,2202
12675,2202
12676,2202
12677,2202
12678,2202
12679,2202
12680,2202
12681,2202
12682,2202
12683,2202
12684,2202
12685,2202
12686,2201
12687,2202
12688,2202
12689,2202
12690,2202
12691,2201
12692,2202
12693,2202
12694,2202
12695,2202
12696,2202
12697,2202
12698,2202
12699,2202
12700,2201
12701,2202
12702,2202
12703,2202
12704,2202
12705,2202
12706,2202
12707,2202
12708,2202
12709,2202
12710,2202
12711,2202
12712,2202
12713,2202
12714,2202
12715,2202
12716,2202
12717,2202
12718,2202
12719,2202
12720,2202
12721,2202
12722,2202
12723,2202
12724,2202
12725,2202
12726,2202
12727,2202
12728,2202
12729,2202
12730,2202
12731,2202
12732,2202
12733,2202
12734,2202
12735,2202
12736,2202
12737,2202
12738,2202
12739,2202
12740,2202
12741,2202
12742,2202
12743,2202
12744,2202
12745,2202
12746,2202
12747,2201
12748,2202
12749,2202
12750,2201
12751,2202
12752,2202
12753,2202
12754,2202
12755,2202
12756,2202
12757,2202
12758,2202
12759,2202
12760,2200
12761,2202
12762,2202
12763,2202
12764,2202
12765,2202
12766,2202
12767,2202
12768,2202
12769,2202
12770,2202
12771,2200
12772,2202
12773,2202
12774,2202
12775,2202
12776,2202
12777,2202
12778,2202
12779,2202
12780,2202
12781,2202
12782,2202
12783,2202
12784,2202
12785,2202
12786,2201
12787,2202
12788,2202
12789,2202
12790,2202
12791,2201
12792,2202
12793,2202
12794,2202
12795,2202
12796,2202
12797,2202
12798,2202
12799,2202
12800,2201
12801,2202
12802,2202
12803,2202
12804,2202
12805,2202
12806,2202
12807,2202
12808,2202
12809,2202
12810,2202
12811,2202
12812,2202
12813,2202
12814,2202
12815,2202
12816,2202
12817,2202
12818,2202
12819,2202
12820,2202
12821,2202
12822,2202
12823,2202
12824,2202
12825,2202
12826,2202
12827,2202
12828,2202
12829,2202
12830,2202
12831,2202
12832,2202
12833,2202
12834,2202
12835,2202
12836,2202
12837,2202
12838,2202
12839,2202
12840,2202
12841,2202
12842,2202
12843,2202
12844,2202
12845,2202
12846,2202
12847,2201
12848,2202
12849,2202
12850,2201
12851,2202
12852,2202
12853,2202
12854,2202
12855,2202
12856,2202
12857,2202
12858,2202
12859,2202
12860,2200
12861,2202
12862,2202
12863,2202
12864,2202
12865,2202
12866,2202
12867,2202
12868,2202
12869,2202
12870,2202
12871,2200
12872,2202
12873,2202
12874,2202
12875,2202
12876,2202
12877,2202
12878,2202
12879,2202
12880,2202
12881,2202
12882,2202
12883,2202
12884,2202
12885,2202
12886,2201
12887,2202
12888,2202
12889,2202
12890,2202
12891,2201
12892,2202
12893,2202
12894,2202
12895,2202
12896,2202
12897,2202
12898,2202
12899,2202
12900,2201
12901,2202
12902,2202
12903,2202
12904,2202
12905,2202
12906,2202
12907,2202
12908,2202
12909,2202
12910,2202
12911,2202
12912,2202
12913,2202
12914,2202
12915,2202
12916,2202
12917,2202
12918,2202
12919,2202
12920,2202
12921,2202
12922,2202
12923,2202
12924,2202
12925,2202
12926,2202
12927,2202
12928,2202
12929,2202
12930,2202
12931,2202
12932,2202
12933,2202
12934,2202
12935,2202
12936,2202
12937,2202
12938,2202
12939,2202
12940,2202
12941,2202
12942,2202
12943,2202
12944,2202
12945,2202
12946,2202
12947,2201
12948,2202
12949,2202
12950,2201
12951,2202
12952,2202
12953,2202
12954,2202
12955,2202
12956,2202
12957,2202
12958,2202
12959,2202
12960,2200
12961,2202
12962,2202
12963,2202
12964,2202
12965,2202
12966,2202
12967,2202
12968,2202
12969,2202
12970,2202
12971,2200
12972,2202
12973,2202
12974,2202
12975,2202
12976,2202
12977,2202
12978,2202
12979,2202
12980,2202
12981,2202
12982,2202
12983,2202
12984,2202
12985,2202
12986,2201
12987,2202
12988,2202
12989,2202
12990,2202
12991,2201
12992,2202
12993,2202
12994,2202
12995,2202
12996,2202
12997,2202
12998,2202
12999,2202
13000,2201
13001,2202
13002,2202
13003,2202
13004,2202
13005,2202
13006,2202
13007,2202
13008,2202
13009,2202
13010,2202
13011,2202
13012,2202
13013,2202
13014,2202
13015,2202
13016,2202
13017,2202
13018,2202
13019,2202
13020,2202
13021,2202
13022,2202
13023,2202
13024,2202
13025,2202
13026,2202
13027,2202
13028,2202
13029,2202
13030,2202
13031,2202
13032,2202
13033,2202
13034,2202
13035,2202
13036,2202
13037,2202
13038,2202
13039,2202
13040,2202
13041,2202
13042,2202
13043,2202
13044,2202
13045,2202
13046,2202
13047,2201
13048,2202
13049,2202
13050,2201
13051,2202
13052,2202
13053,2202
13054,2202
13055,2202
13056,2202
13057,2202
13058,2202
13059,2202
13060,2200
13061,2202
13062,2202
13063,2202
13064,2202
13065,2202
13066,2202
13067,2202
13068,2202
13069,2202
13070,2202
13071,2200
13072,2202
13073,2202
13074,2202
13075,2202
13076,2202
13077,2202
13078,2202
13079,2202
13080,2202
13081,2202
13082,2202
13083,2202
13084,2202
13085,2202
13086,2201
13087,2202
13088,2202
13089,2202
13090,2202
13091,2201
13092,2202
13093,2202
13094,2202
13095,2202
13096,2202
13097,2202
13098,2202
13099,2202
13100,2201
13101,2202
13102,2202
13103,2202
13104,2202
13105,2202
13106,2202
13107,2202
13108,2202
13109,2202
13110,2202
13111,2202
13112,2202
13113,2202
13114,2202
13115,2202
13116,2202
13117,2202
13118,2202
13119,2202
13120,2202
13121,2202
13122,2202
13123,2202
13124,2202
13125,2202
13126,2202
13127,2202
13128,2202
13129,2202
13130,2202
13131,2202
13132,2202
13133,2202
13134,2202
13135,2202
13136,2202
13137,2202
13138,2202
13139,2202
13140,2202
13141,2202
13142,2202
13143,2202
13144,2202
13145,2202
13146,2202
13147,2201
13148,2202
13149,2202
13150,2201
13151,2202
13152,2202
13153,2202
13154,2202
13155,2202
13156,2202
13157,2202
13158,2202
13159,2202
13160,2200
13161,2202
13162,2202
13163,2202
13164,2202
13165,2202
13166,2202
13167,2202
13168,2202
13169,2202
13170,2202
13171,2200
13172,2202
13173,2202
13174,2202
13175,2202
13176,2202
13177,2202
13178,2202
13179,2202
13180,2202
13181,2202
13182,2202
13183,2202
13184,2202
13185,2202
13186,2201
13187,2202
13188,2202
13189,2202
13190,2202
13191,2201
13192,2202
13193,2202
13194,2202
13195,2202
13196,2202
13197,2202
13198,2202
13199,2202
13200,2201
13201,2202
13202,2202
13203,2202
13204,2202
13205,2202
13206,2202
13207,2202
13208,2202
13209,2202
13210,2202
13211,2202
13212,2202
13213,2202
13214,2202
13215,2202
13216,2202
13217,2202
13218,2202
13219,2202
13220,2202
13221,2202
13222,2202
13223,2202
13224,2202
13225,2202
13226,2202
13227,2202
13228,2202
13229,2202
13230,2202
13231,2202
13232,2202
13233,2202
13234,2202
13235,2202
13236,2202
13237,2202
13238,2202
13239,2202
13240,2202
13241,2202
13242,2202
13243,2202
13244,2202
13245,2202
13246,2202
13247,2201
13248,2202
13249,2202
13250,2201
13251,2202
13252,2202
13253,2202
13254,2202
13255,2202
13256,2202
13257,2202
13258,2202
13259,2202
13260,2200
13261,2202
13262,2202
13263,2202
13264,2202
13265,2202
13266,2202
13267,2202
13268,2202
13269,2202
13270,2202
13271,2200
13272,2202
13273,2202
13274,2202
13275,2202
13276,2202
13277,2202
13278,2202
13279,2202
13280,2202
13281,2202
13282,2202
13283,2202
13284,2202
13285,2202
13286,2201
13287,2202
13288,2202
13289,2202
13290,2202
13291,2201
13292,2202
13293,2202
13294,2202
13295,2202
13296,2202
13297,2202
13298,2202
13299,2202
13300,2201
13301,2202
13302,2202
13303,2202
13304,2202
13305,2202
13306,2202
13307,2202
13308,2202
13309,2202
13310,2202
13311,2202
13312,2202
13313,2202
13314,2202
13315,2202
13316,2202
13317,2202
13318,2202
13319,2202
13320,2202
13321,2202
13322,2202
13323,2202
13324,2202
13325,2202
13326,2202
13327,2202
13328,2202
13329,2202
13330,2202
13331,2202
13332,2202
13333,2202
13334,2202
13335,2202
13336,2202
13337,2202
13338,2202
13339,2202
13340,2202
13341,2202
13342,2202
13343,2202
13344,2202
13345,2202
13346,2202
13347,2201
13348,2202
13349,2202
13350,2201
13351,2202
13352,2202
13353,2202
13354,2202
13355,2202
13356,2202
13357,2202
13358,2202
13359,2202
13360,2199
13361,2202
13362,2202
13363,2202
13364,2202
13365,2202
13366,2202
13367,2202
13368,2202
13369,2202
13370,2202
13371,2200
13372,2202
13373,2202
13374,2202
13375,2202
13376,2202
13377,2202
13378,2202
13379,2202
13380,2202
13381,2201
13382,2202
13383,2202
13384,2202
13385,2202
13386,2201
13387,2202
13388,2202
13389,2202
13390,2202
13391,2201
13392,2202
13393,2202
13394,2202
13395,2202
13396,2201
13397,2202
13398,2202
13399,2202
13400,2201
13401,2202
13402,2202
13403,2202
13404,2202
13405,2202
13406,2202
13407,2202
13408,2202
13409,2202
13410,2202
13411,2202
13412,2202
13413,2202
13414,2202
13415,2202
13416,2202
13417,2202
13418,2202
13419,2202
13420,2202
13421,2202
13422,2202
13423,2202
13424,2202
13425,2202
13426,2202
13427,2202
13428,2202
13429,2202
13430,2202
13431,2202
13432,2202
13433,2202
13434,2202
13435,2202
13436,2202
13437,2202
13438,2202
13439,2202
13440,2202
13441,2202
13442,2202
13443,2202
13444,2202
13445,2202
13446,2202
13447,2201
13448,2202
13449,2202
13450,2201
13451,2202
13452,2202
13453,2202
13454,2202
13455,2202
13456,2202
13457,2202
13458,2202
13459,2202
13460,2200
13461,2202
13462,2202
13463,2202
13464,2202
13465,2202
13466,2202
13467,2202
13468,2202
13469,2202
13470,2202
13471,2201
13472,2202
13473,2202
13474,2202
13475,2202
13476,2202
13477,2202
13478,2202
13479,2202
13480,2202
13481,2201
13482,2202
13483,2202
13484,2202
13485,2202
13486,2201
13487,2202
13488,2202
13489,2202
13490,2202
13491,2202
13492,2202
13493,2202
13494,2202
13495,2202
13496,2201
13497,2202
13498,2202
13499,2202
13500,2201
13501,2202
13502,2202
13503,2202
13504,2202
13505,2202
13506,2202
13507,2202
13508,2202
13509,2202
13510,2202
13511,2202
13512,2202
13513,2202
13514,2202
13515,2202
13516,2202
13517,2202
13518,2202
13519,2202
13520,2202
13521,2202
13522,2202
13523,2202
13524,2202
13525,2202
13526,2202
13527,2202
13528,2202
13529,2202
13530,2202
13531,2202
13532,2202
13533,2202
13534,2202
13535,2202
13536,2202
13537,2202
13538,2202
13539,2202
13540,2202
13541,2202
13542,2202
13543,2202
13544,2202
13545,2202
13546,2202
13547,2201
13548,2202
13549,2202
13550,2201
13551,2202
13552,2202
13553,2202
13554,2202
13555,2202
13556,2202
13557,2202
13558,2202
13559,2202
13560,2200
13561,2202
13562,2202
13563,2202
13564,2202
13565,2202
13566,2202
13567,2202
13568,2202
13569,2202
13570,2202
13571,2201
13572,2202
13573,2202
13574,2202
13575,2202
13576,2202
13577,2202
13578,2202
13579,2202
13580,2202
13581,2201
13582,2202
13583,2202
13584,2202
13585,2202
13586,2201
13587,2202
13588,2202
13589,2202
13590,2202
13591,2202
13592,2202
13593,2202
13594,2202
13595,2202
13596,2201
13597,2202
13598,2202
13599,2202
13600,2201
13601,2202
13602,2202
13603,2202
13604,2202
13605,2202
13606,2202
13607,2202
13608,2202
13609,2202
13610,2202
13611,2202
13612,2202
13613,2202
13614,2202
13615,2202
13616,2202
13617,2202
13618,2202
13619,2202
13620,2202
13621,2202
13622,2202
13623,2202
13624,2202
13625,2202
13626,2202
13627,2202
13628,2202
13629,2202
13630,2202
13631,2202
13632,2202
13633,2202
13634,2202
13635,2202
13636,2202
13637,2202
13638,2202
13639,2202
13640,2202
13641,2202
13642,2202
13643,2202
13644,2202
13645,2202
13646,2202
13647,2201
13648,2202
13649,2202
13650,2201
13651,2202
13652,2202
13653,2202
13654,2202
13655,2202
13656,2202
13657,2202
13658,2202
13659,2202
13660,2200
13661,2202
13662,2202
13663,2202
13664,2202
13665,2202
13666,2202
13667,2202
13668,2202
13669,2202
13670,2202
13671,2201
13672,2202
13673,2202
13674,2202
13675,2202
13676,2202
13677,2202
13678,2202
13679,2202
13680,2202
13681,2201
13682,2202
13683,2202
13684,2202
13685,2202
13686,2201
13687,2202
13688,2202
13689,2202
13690,2202
13691,2202
13692,2202
13693,2202
13694,2202
13695,2202
13696,2201
13697,2202
13698,2202
13699,2202
13700,2201
13701,2202
13702,2202
13703,2202
13704,2202
13705,2202
13706,2202
13707,2202
13708,2202
13709,2202
13710,2202
13711,2202
13712,2202
13713,2202
13714,2202
13715,2202
13716,2202
13717,2202
13718,2202
13719,2202
13720,2202
13721,2202
13722,2202
13723,2202
13724,2202
13725,2202
13726,2202
13727,2202
13728,2202
13729,2202
13730,2202
13731,2202
13732,2202
13733,2202
13734,2202
13735,2202
13736,2202
13737,2202
13738,2202
13739,2202
13740,2202
13741,2202
13742,2202
13743,2202
13744,2202
13745,2202
13746,2202
13747,2201
13748,2202
13749,2202
13750,2201
13751,2202
13752,2202
13753,2202
13754,2202
13755,2202
13756,2202
13757,2202
13758,2202
13759,2202
13760,2200
13761,2202
13762,2202
13763,2202
13764,2202
13765,2202
13766,2202
13767,2202
13768,2202
13769,2202
13770,2202
13771,2201
13772,2202
13773,2202
13774,2202
13775,2202
13776,2202
13777,2202
13778,2202
13779,2202
13780,2202
13781,2201
13782,2202
13783,2202
13784,2202
13785,2202
13786,2201
13787,2202
13788,2202
13789,2202
13790,2202
13791,2202
13792,2202
13793,2202
13794,2202
13795,2202
13796,2201
13797,2202
13798,2202
13799,2202
13800,2201
13801,2202
13802,2202
13803,2202
13804,2202
13805,2202
13806,2202
13807,2202
13808,2202
13809,2202
13810,2202
13811,2202
13812,2202
13813,2202
13814,2202
13815,2202
13816,2202
13817,2202
13818,2202
13819,2202
13820,2202
13821,2202
13822,2202
13823,2202
13824,2202
13825,2202
13826,2202
13827,2202
13828,2202
13829,2202
13830,2202
13831,2202
13832,2202
13833,2202
13834,2202
13835,2202
13836,2202
13837,2202
13838,2202
13839,2202
13840,2202
13841,2202
13842,2202
13843,2202
13844,2202
13845,2202
13846,2202
13847,2201
13848,2202
13849,2202
13850,2201
13851,2202
13852,2202
13853,2202
13854,2202
13855,2202
13856,2202
13857,2202
13858,2202
13859,2202
13860,2200
13861,2202
13862,2202
13863,2202
13864,2202
13865,2202
13866,2202
13867,2202
13868,2202
13869,2202
13870,2202
13871,2201
13872,2202
13873,2202
13874,2202
13875,2202
13876,2202
13877,2202
13878,2202
13879,2202
13880,2202
13881,2201
13882,2202
13883,2202
13884,2202
13885,2202
13886,2201
13887,2202
13888,2202
13889,2202
13890,2202
13891,2202
13892,2202
13893,2202
13894,2202
13895,2202
13896,2201
13897,2202
13898,2202
13899,2202
13900,2201
13901,2202
13902,2202
13903,2202
13904,2202
13905,2202
13906,2202
13907,2202
13908,2202
13909,2202
13910,2202
13911,2202
13912,2202
13913,2202
13914,2202
13915,2202
13916,2202
13917,2202
13918,2202
13919,2202
13920,2202
13921,2202
13922,2202
13923,2202
13924,2202
13925,2202
13926,2202
13927,2202
13928,2202
13929,2202
13930,2202
13931,2202
13932,2202
13933,2202
13934,2202
13935,2202
13936,2202
13937,2202
13938,2202
13939,2202
13940,2202
13941,2202
13942,2202
13943,2202
13944,2202
13945,2202
13946,2202
13947,2201
13948,2202
13949,2202
13950,2201
13951,2202
13952,2202
13953,2202
13954,2202
13955,2202
13956,2202
13957,2202
13958,2202
13959,2202
13960,2200
13961,2202
13962,2202
13963,2202
13964,2202
13965,2202
13966,2202
13967,2202
13968,2202
13969,2202
13970,2202
13971,2201
13972,2202
13973,2202
13974,2202
13975,2202
13976,2202
13977,2202
13978,2202
13979,2202
13980,2202
13981,2201
13982,2202
13983,2202
13984,2202
13985,2202
13986,2201
13987,2202
13988,2202
13989,2202
13990,2202
13991,2202
13992,2202
13993,2202
13994,2202
13995,2202
13996,2201
13997,2202
13998,2202
13999,2202
14000,2201
14001,2202
14002,2202
14003,2202
14004,2202
14005,2202
14006,2202
14007,2202
14008,2202
14009,2202
14010,2202
14011,2202
14012,2202
14013,2202
14014,2202
14015,2202
14016,2202
14017,2202
14018,2202
14019,2202
14020,2202
14021,2202
14022,2202
14023,2202
14024,2202
14025,2202
14026,2202
14027,2202
14028,2202
14029,2202
14030,2202
14031,2202
14032,2202
14033,2202
14034,2202
14035,2202
14036,2202
14037,2202
14038,2202
14039,2202
14040,2202
14041,2202
14042,2202
14043,2202
14044,2202
14045,2202
14046,2202
14047,2201
14048,2202
14049,2202
14050,2201
14051,2202
14052,2202
14053,2202
14054,2202
14055,2202
14056,2202
14057,2202
14058,2202
14059,2202
14060,2200
14061,2202
14062,2202
14063,2202
14064,2202
14065,2202
14066,2202
14067,2202
14068,2202
14069,2202
14070,2202
14071,2201
14072,2202
14073,2202
14074,2202
14075,2202
14076,2202
14077,2202
14078,2202
14079,2202
14080,2202
14081,2201
14082,2202
14083,2202
14084,2202
14085,2202
14086,2201
14087,2202
14088,2202
14089,2202
14090,2202
14091,2202
14092,2202
14093,2202
14094,2202
14095,2202
14096,2201
14097,2202
14098,2202
14099,2202
14100,2201
14101,2202
14102,2202
14103,2202
14104,2202
14105,2202
14106,2202
14107,2202
14108,2202
14109,2202
14110,2202
14111,2202
14112,2202
14113,2202
14114,2202
14115,2202
14116,2202
14117,2202
14118,2202
14119,2202
14120,2202
14121,2202
14122,2202
14123,2202
14124,2202
14125,2202
14126,2202
14127,2202
14128,2202
14129,2202
14130,2202
14131,2202
14132,2202
14133,2202
14134,2202
14135,2202
14136,2202
14137,2202
14138,2202
14139,2202
14140,2202
14141,2202
14142,2202
14143,2202
14144,2202
14145,2202
14146,2202
14147,2201
14148,2202
14149,2202
14150,2201
14151,2202
14152,2202
14153,2202
14154,2202
14155,2202
14156,2202
14157,2202
14158,2202
14159,2202
14160,2200
14161,2202
14162,2202
14163,2202
14164,2202
14165,2202
14166,2202
14167,2202
14168,2202
14169,2202
14170,2202
14171,2201
14172,2202
14173,2202
14174,2202
14175,2202
14176,2202
14177,2202
14178,2202
14179,2202
14180,2202
14181,2201
14182,2202
14183,2202
14184,2202
14185,2202
14186,2201
14187,2202
14188,2202
14189,2202
14190,2202
14191,2202
14192,2202
14193,2202
14194,2202
14195,2202
14196,2201
14197,2202
14198,2202
14199,2202
14200,2201
14201,2202
14202,2202
14203,2202
14204,2202
14205,2202
14206,2202
14207,2202
14208,2202
14209,2202
14210,2202
14211,2202
14212,2202
14213,2202
14214,2202
14215,2202
14216,2202
14217,2202
14218,2202
14219,2202
14220,2202
14221,2202
14222,2202
14223,2202
14224,2202
14225,2202
14226,2202
14227,2202
14228,2202
14229,2202
14230,2202
14231,2202
14232,2202
14233,2202
14234,2202
14235,2202
14236,2202
14237,2202
14238,2202
14239,2202
14240,2202
14241,2202
14242,2202
14243,2202
14244,2202
14245,2202
14246,2202
14247,2201
14248,2202
14249,2202
14250,2201
14251,2202
14252,2202
14253,2202
14254,2202
14255,2202
14256,2202
14257,2202
14258,2202
14259,2202
14260,2200
14261,2202
14262,2202
14263,2202
14264,2202
14265,2202
14266,2202
14267,2202
14268,2202
14269,2202
14270,2202
14271,2201
14272,2202
14273,2202
14274,2202
14275,2202
14276,2202
14277,2202
14278,2202
14279,2202
14280,2202
14281,2201
14282,2202
14283,2202
14284,2202
14285,2202
14286,2201
14287,2202
14288,2202
14289,2202
14290,2202
14291,2202
14292,2202
14293,2202
14294,2202
14295,2202
14296,2201
14297,2202
14298,2202
14299,2202
14300,2201
14301,2202
14302,2202
14303,2202
14304,2202
14305,2202
14306,2202
14307,2202
14308,2202
14309,2202
14310,2202
14311,2202
14312,2202
14313,2202
14314,2202
14315,2202
14316,2202
14317,2202
14318,2202
14319,2202
14320,2202
14321,2202
14322,2202
14323,2202
14324,2202
14325,2202
14326,2202
14327,2202
14328,2202
14329,2202
14330,2202
14331,2202
14332,2202
14333,2202
14334,2202
14335,2202
14336,2202
14337,2202
14338,2202
14339,2202
14340,2202
14341,2202
14342,2202
14343,2202
14344,2202
14345,2202
14346,2202
14347,2201
14348,2202
14349,2202
14350,2201
14351,2202
14352,2202
14353,2202
14354,2202
14355,2202
14356,2202
14357,2202
14358,2202
14359,2202
14360,2200
14361,2202
14362,2202
14363,2202
14364,2202
14365,2202
14366,2202
14367,2202
14368,2202
14369,2202
14370,2202
14371,2201
14372,2202
14373,2202
14374,2202
14375,2202
14376,2202
14377,2202
14378,2202
14379,2202
14380,2202
14381,2201
14382,2202
14383,2202
14384,2202
14385,2202
14386,2201
14387,2202
14388,2202
14389,2202
14390,2202
14391,2202
14392,2202
14393,2202
14394,2202
14395,2202
14396,2201
14397,2202
14398,2202
14399,2202
14400,2201
14401,2202
14402,2202
14403,2202
14404,2202
14405,2202
14406,2202
14407,2202
14408,2202
14409,2202
14410,2202
14411,2202
14412,2202
14413,2202
14414,2202
14415,2202
14416,2202
14417,2202
14418,2202
14419,2202
14420,2202
14421,2202
14422,2202
14423,2202
14424,2202
14425,2202
14426,2202
14427,2202
14428,2202
14429,2202
14430,2202
14431,2202
14432,2202
14433,2202
14434,2202
14435,2202
14436,2202
14437,2202
14438,2202
14439,2202
14440,2202
14441,2202
14442,2202
14443,2202
14444,2202
14445,2202
14446,2202
14447,2201
14448,2202
14449,2202
14450,2201
14451,2202
14452,2202
14453,2202
14454,2202
14455,2202
14456,2202
14457,2202
14458,2202
14459,2202
14460,2200
14461,2202
14462,2202
14463,2202
14464,2202
14465,2202
14466,2202
14467,2202
14468,2202
14469,2202
14470,2202
14471,2201
14472,2202
14473,2202
14474,2202
14475,2202
14476,2202
14477,2202
14478,2202
14479,2202
14480,2202
14481,2201
14482,2202
14483,2202
14484,2202
14485,2202
14486,2201
14487,2202
14488,2202
14489,2202
14490,2202
14491,2202
14492,2202
14493,2202
14494,2202
14495,2202
14496,2201
14497,2202
14498,2202
14499,2202
14500,2201
14501,2202
14502,2202
14503,2202
14504,2202
14505,2202
14506,2202
14507,2202
14508,2202
14509,2202
14510,2202
14511,2202
14512,2202
14513,2202
14514,2202
14515,2202
14516,2202
14517,2202
14518,2202
14519,2202
14520,2202
14521,2202
14522,2202
14523,2202
14524,2202
14525,2202
14526,2202
14527,2202
14528,2202
14529,2202
14530,2202
14531,2202
14532,2202
14533,2202
14534,2202
14535,2202
14536,2202
14537,2202
14538,2202
14539,2202
14540,2202
14541,2202
14542,2202
14543,2202
14544,2202
14545,2202
14546,2202
14547,2201
14548,2202
14549,2202
14550,2201
14551,2202
14552,2202
14553,2202
14554,2202
14555,2202
14556,2202
14557,2202
14558,2202
14559,2202
14560,2200
14561,2202
14562,2202
14563,2202
14564,2202
14565,2202
14566,2202
14567,2202
14568,2202
14569,2202
14570,2202
14571,2201
14572,2202
14573,2202
14574,2202
14575,2202
14576,2202
14577,2202
14578,2202
14579,2202
14580,2202
14581,2201
14582,2202
14583,2202
14584,2202
14585,2202
14586,2201
14587,2202
14588,2202
14589,2202
14590,2202
14591,2202
14592,2202
14593,2202
14594,2202
14595,2202
14596,2201
14597,2202
14598,2202
14599,2202
14600,2201
14601,2202
14602,2202
14603,2202
14604,2202
14605,2202
14606,2202
14607,2202
14608,2202
14609,2202
14610,2202
14611,2202
14612,2202
14613,2202
14614,2202
14615,2202
14616,2202
14617,2202
14618,2202
14619,2202
14620,2202
14621,2202
14622,2202
14623,2202
14624,2202
14625,2202
14626,2202
14627,2202
14628,2202
14629,2202
14630,2202
14631,2202
14632,2202
14633,2202
14634,2202
14635,2202
14636,2202
14637,2202
14638,2202
14639,2202
14640,2202
14641,2202
14642,2202
14643,2202
14644,2202
14645,2202
14646,2202
14647,2201
14648,2202
14649,2202
14650,2201
14651,2202
14652,2202
14653,2202
14654,2202
14655,2202
14656,2202
14657,2202
14658,2202
14659,2202
14660,2200
14661,2202
14662,2202
14663,2202
14664,2202
14665,2202
14666,2202
14667,2202
14668,2202
14669,2202
14670,2202
14671,2201
14672,2202
14673,2202
14674,2202
14675,2202
14676,2202
14677,2202
14678,2202
14679,2202
14680,2202
14681,2201
14682,2202
14683,2202
14684,2202
14685,2202
14686,2201
14687,2202
14688,2202
14689,2202
14690,2202
14691,2202
14692,2202
14693,2202
14694,2202
14695,2202
14696,2201
14697,2202
14698,2202
14699,2202
14700,2201
14701,2202
14702,2202
14703,2202
14704,2202
14705,2202
14706,2202
14707,2202
14708,2202
14709,2202
14710,2202
14711,2202
14712,2202
14713,2202
14714,2202
14715,2202
14716,2202
14717,2202
14718,2202
14719,2202
14720,2202
14721,2202
14722,2202
14723,2202
14724,2202
14725,2202
14726,2202
14727,2202
14728,2202
14729,2202
14730,2202
14731,2202
14732,2202
14733,2202
14734,2202
14735,2202
14736,2202
14737,2202
14738,2202
14739,2202
14740,2202
14741,2202
14742,2202
14743,2202
14744,2202
14745,2202
14746,2202
14747,2201
14748,2202
14749,2202
14750,2201
14751,2202
14752,2202
14753,2202
14754,2202
14755,2202
14756,2202
14757,2202
14758,2202
14759,2202
14760,2200
14761,2202
14762,2202
14763,2202
14764,2202
14765,2202
14766,2202
14767,2202
14768,2202
14769,2202
14770,2202
14771,2201
14772,2202
14773,2202
14774,2202
14775,2202
14776,2202
14777,2202
14778,2202
14779,2202
14780,2202
14781,2201
14782,2202
14783,2202
14784,2202
14785,2202
14786,2201
14787,2202
14788,2202
14789,2202
14790,2202
14791,2202
14792,2202
14793,2202
14794,2202
14795,2202
14796,2201
14797,2202
14798,2202
14799,2202
14800,2201
14801,2202
14802,2202
14803,2202
14804,2202
14805,2202
14806,2202
14807,2202
14808,2202
14809,2202
14810,2202
14811,2202
14812,2202
14813,2202
14814,2202
14815,2202
14816,2202
14817,2202
14818,2202
14819,2202
14820,2202
14821,2202
14822,2202
14823,2202
14824,2202
14825,2202
14826,2202
14827,2202
14828,2202
14829,2202
14830,2202
14831,2202
14832,2202
14833,2202
14834,2202
14835,2202
14836,2202
14837,2202
14838,2202
14839,2202
14840,2202
14841,2202
14842,2202
14843,2202
14844,2202
14845,2202
14846,2202
14847,2201
14848,2202
14849,2202
14850,2201
14851,2202
14852,2202
14853,2202
14854,2202
14855,2202
14856,2202
14857,2202
14858,2202
14859,2202
14860,2200
14861,2202
14862,2202
14863,2202
14864,2202
14865,2202
14866,2202
14867,2202
14868,2202
14869,2202
14870,2202
14871,2201
14872,2202
14873,2202
14874,2202
14875,2202
14876,2202
14877,2202
14878,2202
14879,2202
14880,2202
14881,2201
14882,2202
14883,2202
14884,2202
14885,2202
14886,2201
14887,2202
14888,2202
14889,2202
14890,2202
14891,2202
14892,2202
14893,2202
14894,2202
14895,2202
14896,2201
14897,2202
14898,2202
14899,2202
14900,2201
14901,2202
14902,2202
14903,2202
14904,2202
14905,2202
14906,2202
14907,2202
14908,2202
14909,2202
14910,2202
14911,2202
14912,2202
14913,2202
14914,2202
14915,2202
14916,2202
14917,2202
14918,2202
14919,2202
14920,2202
14921,2202
14922,2202
14923,2202
14924,2202
14925,2202
14926,2202
14927,2202
14928,2202
14929,2202
14930,2202
14931,2202
14932,2202
14933,2202
14934,2202
14935,2202
14936,2202
14937,2202
14938,2202
14939,2202
14940,2202
14941,2202
14942,2202
14943,2202
14944,2202
14945,2202
14946,2202
14947,2201
14948,2202
14949,2202
14950,2201
14951,2202
14952,2202
14953,2202
14954,2202
14955,2202
14956,2202
14957,2202
14958,2202
14959,2202
14960,2200
14961,2202
14962,2202
14963,2202
14964,2202
14965,2202
14966,2202
14967,2202
14968,2202
14969,2202
14970,2202
14971,2201
14972,2202
14973,2202
14974,2202
14975,2202
14976,2202
14977,2202
14978,2202
14979,2202
14980,2202
14981,2201
14982,2202
14983,2202
14984,2202
14985,2202
14986,2201
14987,2202
14988,2202
14989,2202
14990,2202
14991,2202
14992,2202
14993,2202
14994,2202
14995,2202
14996,2201
14997,2202
14998,2202
14999,2202
15000,2201
15001,2202
15002,2202
15003,2202
15004,2202
15005,2202
15006,2202
15007,2202
15008,2202
15009,2202
15010,2202
15011,2202
15012,2202
15013,2202
15014,2202
15015,2202
15016,2202
15017,2202
15018,2202
15019,2202
15020,2202
15021,2202
15022,2202
15023,2202
15024,2202
15025,2202
15026,2202
15027,2202
15028,2202
15029,2202
15030,2202
15031,2202
15032,2202
15033,2202
15034,2202
15035,2202
15036,2202
15037,2202
15038,2202
15039,2202
15040,2202
15041,2202
15042,2202
15043,2202
15044,2202
15045,2202
15046,2202
15047,2201
15048,2202
15049,2202
15050,2201
15051,2202
15052,2202
15053,2202
15054,2202
15055,2202
15056,2202
15057,2202
15058,2202
15059,2202
15060,2200
15061,2202
15062,2202
15063,2202
15064,2202
15065,2202
15066,2202
15067,2202
15068,2202
15069,2202
15070,2202
15071,2201
15072,2202
15073,2202
15074,2202
15075,2202
15076,2202
15077,2202
15078,2202
15079,2202
15080,2202
15081,2201
15082,2202
15083,2202
15084,2202
15085,2202
15086,2201
15087,2202
15088,2202
15089,2202
15090,2202
15091,2202
15092,2202
15093,2202
15094,2202
15095,2202
15096,2201
15097,2202
15098,2202
15099,2202
15100,2201
15101,2202
15102,2202
15103,2202
15104,2202
15105,2202
15106,2202
15107,2202
15108,2202
15109,2202
15110,2202
15111,2202
15112,2202
15113,2202
15114,2202
15115,2202
15116,2202
15117,2202
15118,2202
15119,2202
15120,2202
15121,2202
15122,2202
15123,2202
15124,2202
15125,2202
15126,2202
15127,2202
15128,2202
15129,2202
15130,2202
15131,2202
15132,2202
15133,2202
15134,2202
15135,2202
15136,2202
15137,2202
15138,2202
15139,2202
15140,2202
15141,2202
15142,2202
15143,2202
15144,2202
15145,2202
15146,2202
15147,2201
15148,2202
15149,2202
15150,2201
15151,2202
15152,2202
15153,2202
15154,2202
15155,2202
15156,2202
15157,2202
15158,2202
15159,2202
15160,2200
15161,2202
15162,2202
15163,2202
15164,2202
15165,2202
15166,2202
15167,2202
15168,2202
15169,2202
15170,2202
15171,2201
15172,2202
15173,2202
15174,2202
15175,2202
15176,2202
15177,2202
15178,2202
15179,2202
15180,2202
15181,2201
15182,2202
15183,2202
15184,2202
15185,2202
15186,2201
15187,2202
15188,2202
15189,2202
15190,2202
15191,2202
15192,2202
15193,2202
15194,2202
15195,2202
15196,2201
15197,2202
15198,2202
15199,2202
15200,2201
15201,2202
15202,2202
15203,2202
15204,2202
15205,2202
15206,2202
15207,2202
15208,2202
15209,2202
15210,2202
15211,2202
15212,2202
15213,2202
15214,2202
15215,2202
15216,2202
15217,2202
15218,2202
15219,2202
15220,2202
15221,2202
15222,2202
15223,2202
15224,2202
15225,2202
15226,2202
15227,2202
15228,2202
15229,2202
15230,2202
15231,2202
15232,2202
15233,2202
15234,2202
15235,2202
15236,2202
15237,2202
15238,2202
15239,2202
15240,2202
15241,2202
15242,2202
15243,2202
15244,2202
15245,2202
15246,2202
15247,2201
15248,2202
15249,2202
15250,2201
15251,2202
15252,2202
15253,2202
15254,2202
15255,2202
15256,2202
15257,2202
15258,2202
15259,2202
15260,2200
15261,2202
15262,2202
15263,2202
15264,2202
15265,2202
15266,2202
15267,2202
15268,2202
15269,2202
15270,2202
15271,2201
15272,2202
15273,2202
15274,2202
15275,2202
15276,2202
15277,2202
15278,2202
15279,2202
15280,2202
15281,2201
15282,2202
15283,2202
15284,2202
15285,2202
15286,2201
15287,2202
15288,2202
15289,2202
15290,2202
15291,2202
15292,2202
15293,2202
15294,2202
15295,2202
15296,2201
15297,2202
15298,2202
15299,2202
15300,2201
15301,2202
15302,2202
15303,2202
15304,2202
15305,2202
15306,2202
15307,2202
15308,2202
15309,2202
15310,2202
15311,2202
15312,2202
15313,2202
15314,2202
15315,2202
15316,2202
15317,2202
15318,2202
15319,2202
15320,2202
15321,2202
15322,2202
15323,2202
15324,2202
15325,2202
15326,2202
15327,2202
15328,2202
15329,2202
15330,2202
15331,2202
15332,2202
15333,2202
15334,2202
15335,2202
15336,2202
15337,2202
15338,2202
15339,2202
15340,2202
15341,2202
15342,2202
15343,2202
15344,2202
15345,2202
15346,2202
15347,2201
15348,2202
15349,2202
15350,2201
15351,2202
15352,2202
15353,2202
15354,2202
15355,2202
15356,2202
15357,2202
15358,2202
15359,2202
15360,2200
15361,2202
15362,2202
15363,2202
15364,2202
15365,2202
15366,2202
15367,2202
15368,2202
15369,2202
15370,2202
15371,2201
15372,2202
15373,2202
15374,2202
15375,2202
15376,2202
15377,2202
15378,2202
15379,2202
15380,2202
15381,2201
15382,2202
15383,2202
15384,2202
15385,2202
15386,2201
15387,2202
15388,2202
15389,2202
15390,2202
15391,2202
15392,2202
15393,2202
15394,2202
15395,2202
15396,2201
15397,2202
15398,2202
15399,2202
15400,2201
15401,2202
15402,2202
15403,2202
15404,2202
15405,2202
15406,2202
15407,2202
15408,2202
15409,2202
15410,2202
15411,2202
15412,2202
15413,2202
15414,2202
15415,2202
15416,2202
15417,2202
15418,2202
15419,2202
15420,2202
15421,2202
15422,2202
15423,2202
15424,2202
15425,2202
15426,2202
15427,2202
15428,2202
15429,2202
15430,2202
15431,2202
15432,2202
15433,2202
15434,2202
15435,2202
15436,2202
15437,2202
15438,2202
15439,2202
15440,2202
15441,2202
15442,2202
15443,2202
15444,2202
15445,2202
15446,2202
15447,2201
15448,2202
15449,2202
15450,2201
15451,2202
15452,2202
15453,2202
15454,2202
15455,2202
15456,2202
15457,2202
15458,2202
15459,2202
15460,2200
15461,2202
15462,2202
15463,2202
15464,2202
15465,2202
15466,2202
15467,2202
15468,2202
15469,2202
15470,2202
15471,2201
15472,2202
15473,2202
15474,2202
15475,2202
15476,2202
15477,2202
15478,2202
15479,2202
15480,2202
15481,2201
15482,2202
15483,2202
15484,2202
15485,2202
15486,2201
15487,2202
15488,2202
15489,2202
15490,2202
15491,2202
15492,2202
15493,2202
15494,2202
15495,2202
15496,2201
15497,2202
15498,2202
15499,2202
15500,2201
15501,2202
15502,2202
15503,2202
15504,2202
15505,2202
15506,2202
15507,2202
15508,2202
15509,2202
15510,2202
15511,2202
15512,2202
15513,2202
15514,2202
15515,2202
15516,2202
15517,2202
15518,2202
15519,2202
15520,2202
15521,2202
15522,2202
15523,2202
15524,2202
15525,2202
15526,2202
15527,2202
15528,2202
15529,2202
15530,2202
15531,2202
15532,2202
15533,2202
15534,2202
15535,2202
15536,2202
15537,2202
15538,2202
15539,2202
15540,2202
15541,2202
15542,2202
15543,2202
15544,2202
15545,2202
15546,2202
15547,2201
15548,2202
15549,2202
15550,2201
15551,2202
15552,2202
15553,2202
15554,2202
15555,2202
15556,2202
15557,2202
15558,2202
15559,2202
15560,2200
15561,2202
15562,2202
15563,2202
15564,2202
15565,2202
15566,2202
15567,2202
15568,2202
15569,2202
15570,2202
15571,2201
15572,2202
15573,2202
15574,2202
15575,2202
15576,2202
15577,2202
15578,2202
15579,2202
15580,2202
15581,2201
15582,2202
15583,2202
15584,2202
15585,2202
15586,2201
15587,2202
15588,2202
15589,2202
15590,2202
15591,2202
15592,2202
15593,2202
15594,2202
15595,2202
15596,2201
15597,2202
15598,2202
15599,2202
15600,2201
15601,2202
15602,2202
15603,2202
15604,2202
15605,2202
15606,2202
15607,2202
15608,2202
15609,2202
15610,2202
15611,2202
15612,2202
15613,2202
15614,2202
15615,2202
15616,2202
15617,2202
15618,2202
15619,2202
15620,2202
15621,2202
15622,2202
15623,2202
15624,2202
15625,2202
15626,2202
15627,2202
15628,2202
15629,2202
15630,2202
15631,2202
15632,2202
15633,2202
15634,2202
15635,2202
15636,2202
15637,2202
15638,2202
15639,2202
15640,2202
15641,2202
15642,2202
15643,2202
15644,2202
15645,2202
15646,2202
15647,2201
15648,2202
15649,2202
15650,2201
15651,2202
15652,2202
15653,2202
15654,2202
15655,2202
15656,2202
15657,2202
15658,2202
15659,2202
15660,2200
15661,2202
15662,2202
15663,2202
15664,2202
15665,2202
15666,2202
15667,2202
15668,2202
15669,2202
15670,2202
15671,2201
15672,2202
15673,2202
15674,2202
15675,2202
15676,2202
15677,2202
15678,2202
15679,2202
15680,2202
15681,2201
15682,2202
15683,2202
15684,2202
15685,2202
15686,2201
15687,2202
15688,2202
15689,2202
15690,2202
15691,2202
15692,2202
15693,2202
15694,2202
15695,2202
15696,2201
15697,2202
15698,2202
15699,2202
15700,2201
15701,2202
15702,2202
15703,2202
15704,2202
15705,2202
15706,2202
15707,2202
15708,2202
15709,2202
15710,2202
15711,2202
15712,2202
15713,2202
15714,2202
15715,2202
15716,2202
15717,2202
15718,2202
15719,2202
15720,2202
15721,2202
15722,2202
15723,2202
15724,2202
15725,2202
15726,2202
15727,2202
15728,2202
15729,2202
15730,2202
15731,2202
15732,2202
15733,2202
15734,2202
15735,2202
15736,2202
15737,2202
15738,2202
15739,2202
15740,2202
15741,2202
15742,2202
15743,2202
15744,2202
15745,2202
15746,2202
15747,2201
15748,2202
15749,2202
15750,2201
15751,2202
15752,2202
15753,2202
15754,2202
15755,2202
15756,2202
15757,2202
15758,2202
15759,2202
15760,2200
15761,2202
15762,2202
15763,2202
15764,2202
15765,2202
15766,2202
15767,2202
15768,2202
15769,2202
15770,2202
15771,2201
15772,2202
15773,2202
15774,2202
15775,2202
15776,2202
15777,2202
15778,2202
15779,2202
15780,2202
15781,2201
15782,2202
15783,2202
15784,2202
15785,2202
15786,2201
15787,2202
15788,2202
15789,2202
15790,2202
15791,2202
15792,2202
15793,2202
15794,2202
15795,2202
15796,2201
15797,2202
15798,2202
15799,2202
15800,2201
15801,2202
15802,2202
15803,2202
15804,2202
15805,2202
15806,2202
15807,2202
15808,2202
15809,2202
15810,2202
15811,2202
15812,2202
15813,2202
15814,2202
15815,2202
15816,2202
15817,2202
15818,2202
15819,2202
15820,2202
15821,2202
15822,2202
15823,2202
15824,2202
15825,2202
15826,2202
15827,2202
15828,2202
15829,2202
15830,2202
15831,2202
15832,2202
15833,2202
15834,2202
15835,2202
15836,2202
15837,2202
15838,2202
15839,2202
15840,2202
15841,2202
15842,2202
15843,2202
15844,2202
15845,2202
15846,2202
15847,2201
15848,2202
15849,2202
15850,2201
15851,2202
15852,2202
15853,2202
15854,2202
15855,2202
15856,2202
15857,2202
15858,2202
15859,2202
15860,2200
15861,2202
15862,2202
15863,2202
15864,2202
15865,2202
15866,2202
15867,2202
15868,2202
15869,2202
15870,2202
15871,2201
15872,2202
15873,2202
15874,2202
15875,2202
15876,2202
15877,2202
15878,2202
15879,2202
15880,2202
15881,2201
15882,2202
15883,2202
15884,2202
15885,2202
15886,2201
15887,2202
15888,2202
15889,2202
15890,2202
15891,2202
15892,2202
15893,2202
15894,2202
15895,2202
15896,2201
15897,2202
15898,2202
15899,2202
15900,2201
15901,2202
15902,2202
15903,2202
15904,2202
15905,2202
15906,2202
15907,2202
15908,2202
15909,2202
15910,2202
15911,2202
15912,2202
15913,2202
15914,2202
15915,2202
15916,2202
15917,2202
15918,2202
15919,2202
15920,2202
15921,2202
15922,2202
15923,2202
15924,2202
15925,2202
15926,2202
15927,2202
15928,2202
15929,2202
15930,2202
15931,2202
15932,2202
15933,2202
15934,2202
15935,2202
15936,2202
15937,2202
15938,2202
15939,2202
15940,2202
15941,2202
15942,2202
15943,2202
15944,2202
15945,2202
15946,2202
15947,2201
15948,2202
15949,2202
15950,2201
15951,2202
15952,2202
15953,2202
15954,2202
15955,2202
15956,2202
15957,2202
15958,2202
15959,2202
15960,2200
15961,2202
15962,2202
15963,2202
15964,2202
15965,2202
15966,2202
15967,2202
15968,2202
15969,2202
15970,2202
15971,2201
15972,2202
15973,2202
15974,2202
15975,2202
15976,2202
15977,2202
15978,2202
15979,2202
15980,2202
15981,2201
15982,2202
15983,2202
15984,2202
15985,2202
15986,2201
15987,2202
15988,2202
15989,2202
15990,2202
15991,2202
15992,2202
15993,2202
15994,2202
15995,2202
15996,2201
15997,2202
15998,2202
15999,2202
16000,2201
16001,2202
16002,2202
16003,2202
16004,2202
16005,2202
16006,2202
16007,2202
16008,2202
16009,2202
16010,2202
16011,2202
16012,2202
16013,2202
16014,2202
16015,2202
16016,2202
16017,2202
16018,2202
16019,2202
16020,2202
16021,2202
16022,2202
16023,2202
16024,2202
16025,2202
16026,2202
16027,2202
16028,2202
16029,2202
16030,2202
16031,2202
16032,2202
16033,2202
16034,2202
16035,2202
16036,2202
16037,2202
16038,2202
16039,2202
16040,2202
16041,2202
16042,2202
16043,2202
16044,2202
16045,2202
16046,2202
16047,2201
16048,2202
16049,2202
16050,2201
16051,2202
16052,2202
16053,2202
16054,2202
16055,2202
16056,2202
16057,2202
16058,2202
16059,2202
16060,2200
16061,2202
16062,2202
16063,2202
16064,2202
16065,2202
16066,2202
16067,2202
16068,2202
16069,2202
16070,2202
16071,2201
16072,2202
16073,2202
16074,2202
16075,2202
16076,2202
16077,2202
16078,2202
16079,2202
16080,2202
16081,2201
16082,2202
16083,2202
16084,2202
16085,2202
16086,2201
16087,2202
16088,2202
16089,2202
16090,2202
16091,2202
16092,2202
16093,2202
16094,2202
16095,2202
16096,2201
16097,2202
16098,2202
16099,2202
16100,2201
16101,2202
16102,2202
16103,2202
16104,2202
16105,2202
16106,2202
16107,2202
16108,2202
16109,2202
16110,2202
16111,2202
16112,2202
16113,2202
16114,2202
16115,2202
16116,2202
16117,2202
16118,2202
16119,2202
16120,2202
16121,2202
16122,2202
16123,2202
16124,2202
16125,2202
16126,2202
16127,2202
16128,2202
16129,2202
16130,2202
16131,2202
16132,2202
16133,2202
16134,2202
16135,2202
16136,2202
16137,2202
16138,2202
16139,2202
16140,2202
16141,2202
16142,2202
16143,2202
16144,2202
16145,2202
16146,2202
16147,2202
16148,2202
16149,2202
16150,2201
16151,2202
16152,2202
16153,2202
16154,2202
16155,2202
16156,2202
16157,2202
16158,2202
16159,2202
16160,2200
16161,2202
16162,2202
16163,2202
16164,2202
16165,2202
16166,2202
16167,2202
16168,2202
16169,2202
16170,2202
16171,2201
16172,2202
16173,2202
16174,2202
16175,2202
16176,2202
16177,2202
16178,2202
16179,2202
16180,2202
16181,2201
16182,2202
16183,2202
16184,2202
16185,2202
16186,2201
16187,2202
16188,2202
16189,2202
16190,2202
16191,2202
16192,2202
16193,2202
16194,2202
16195,2202
16196,2201
16197,2202
16198,2202
16199,2202
16200,2201
16201,2202
16202,2202
16203,2202
16204,2202
16205,2202
16206,2202
16207,2202
16208,2202
16209,2202
16210,2202
16211,2202
16212,2202
16213,2202
16214,2202
16215,2202
16216,2202
16217,2202
16218,2202
16219,2202
16220,2202
16221,2202
16222,2202
16223,2202
16224,2202
16225,2202
16226,2202
16227,2202
16228,2202
16229,2202
16230,2202
16231,2202
16232,2202
16233,2202
16234,2202
16235,2202
16236,2202
16237,2202
16238,2202
16239,2202
16240,2202
16241,2202
16242,2202
16243,2202
16244,2202
16245,2202
16246,2202
16247,2201
16248,2202
16249,2202
16250,2201
16251,2202
16252,2202
16253,2202
16254,2202
16255,2202
16256,2202
16257,2202
16258,2202
16259,2202
16260,2199
16261,2202
16262,2202
16263,2202
16264,2202
16265,2202
16266,2202
16267,2202
16268,2202
16269,2202
16270,2202
16271,2200
16272,2202
16273,2202
16274,2202
16275,2202
16276,2202
16277,2202
16278,2202
16279,2202
16280,2202
16281,2201
16282,2202
16283,2202
16284,2202
16285,2202
16286,2201
16287,2202
16288,2202
16289,2202
16290,2202
16291,2201
16292,2202
16293,2202
16294,2202
16295,2202
16296,2201
16297,2202
16298,2202
16299,2202
16300,2201
16301,2202
16302,2202
16303,2202
16304,2202
16305,2202
16306,2202
16307,2202
16308,2202
16309,2202
16310,2202
16311,2202
16312,2202
16313,2202
16314,2202
16315,2202
16316,2202
16317,2202
16318,2202
16319,2202
16320,2202
16321,2202
16322,2202
16323,2202
16324,2202
16325,2202
16326,2202
16327,2202
16328,2202
16329,2202
16330,2202
16331,2202
16332,2202
16333,2202
16334,2202
16335,2202
16336,2202
16337,2202
16338,2202
16339,2202
16340,2202
16341,2202
16342,2202
16343,2202
16344,2202
16345,2202
16346,2202
16347,2201
16348,2202
16349,2202
16350,2201
16351,2202
16352,2202
16353,2202
16354,2202
16355,2202
16356,2202
16357,2202
16358,2202
16359,2202
16360,2199
16361,2202
16362,2202
16363,2202
16364,2202
16365,2202
16366,2202
16367,2202
16368,2202
16369,2202
16370,2202
16371,2200
16372,2202
16373,2202
16374,2202
16375,2202
16376,2202
16377,2202
16378,2202
16379,2202
16380,2202
16381,2201
16382,2202
16383,2202
16384,2202
16385,2202
16386,2201
16387,2202
16388,2202
16389,2202
16390,2202
16391,2201
16392,2202
16393,2202
16394,2202
16395,2202
16396,2201
16397,2202
16398,2202
16399,2202
16400,2201
16401,2202
16402,2202
16403,2202
16404,2202
16405,2202
16406,2202
16407,2202
16408,2202
16409,2202
16410,2202
16411,2202
16412,2202
16413,2202
16414,2202
16415,2202
16416,2202
16417,2202
16418,2202
16419,2202
16420,2202
16421,2202
16422,2202
16423,2202
16424,2202
16425,2202
16426,2202
16427,2202
16428,2202
16429,2202
16430,2202
16431,2202
16432,2202
16433,2202
16434,2202
16435,2202
16436,2202
16437,2202
16438,2202
16439,2202
16440,2202
16441,2202
16442,2202
16443,2202
16444,2202
16445,2202
16446,2202
16447,2201
16448,2202
16449,2202
16450,2201
16451,2202
16452,2202
16453,2202
16454,2202
16455,2202
16456,2202
16457,2202
16458,2202
16459,2202
16460,2199
16461,2202
16462,2202
16463,2202
16464,2202
16465,2202
16466,2202
16467,2202
16468,2202
16469,2202
16470,2202
16471,2200
16472,2202
16473,2202
16474,2202
16475,2202
16476,2202
16477,2202
16478,2202
16479,2202
16480,2202
16481,2201
16482,2202
16483,2202
16484,2202
16485,2202
16486,2201
16487,2202
16488,2202
16489,2202
16490,2202
16491,2201
16492,2202
16493,2202
16494,2202
16495,2202
16496,2201
16497,2202
16498,2202
16499,2202
16500,2201
16501,2202
16502,2202
16503,2202
16504,2202
16505,2202
16506,2202
16507,2202
16508,2202
16509,2202
16510,2202
16511,2202
16512,2202
16513,2202
16514,2202
16515,2202
16516,2202
16517,2202
16518,2202
16519,2202
16520,2202
16521,2202
16522,2202
16523,2202
16524,2202
16525,2202
16526,2202
16527,2202
16528,2202
16529,2202
16530,2202
16531,2202
16532,2202
16533,2202
16534,2202
16535,2202
16536,2202
16537,2202
16538,2202
16539,2202
16540,2202
16541,2202
16542,2202
16543,2202
16544,2202
16545,2202
16546,2202
16547,2201
16548,2202
16549,2202
16550,2201
16551,2202
16552,2202
16553,2202
16554,2202
16555,2202
16556,2202
16557,2202
16558,2202
16559,2202
16560,2199
16561,2202
16562,2202
16563,2202
16564,2202
16565,2202
16566,2202
16567,2202
16568,2202
16569,2202
16570,2202
16571,2200
16572,2202
16573,2202
16574,2202
16575,2202
16576,2202
16577,2202
16578,2202
16579,2202
16580,2202
16581,2201
16582,2202
16583,2202
16584,2202
16585,2202
16586,2201
16587,2202
16588,2202
16589,2202
16590,2202
16591,2201
16592,2202
16593,2202
16594,2202
16595,2202
16596,2201
16597,2202
16598,2202
16599,2202
16600,2201
16601,2202
16602,2202
16603,2202
16604,2202
16605,2202
16606,2202
16607,2202
16608,2202
16609,2202
16610,2202
16611,2202
16612,2202
16613,2202
16614,2202
16615,2202
16616,2202
16617,2202
16618,2202
16619,2202
16620,2202
16621,2202
16622,2202
16623,2202
16624,2202
16625,2202
16626,2202
16627,2202
16628,2202
16629,2202
16630,2202
16631,2202
16632,2202
16633,2202
16634,2202
16635,2202
16636,2202
16637,2202
16638,2202
16639,2202
16640,2202
16641,2202
16642,2202
16643,2202
16644,2202
16645,2202
16646,2202
16647,2201
16648,2202
16649,2202
16650,2201
16651,2202
16652,2202
16653,2202
16654,2202
16655,2202
16656,2202
16657,2202
16658,2202
16659,2202
16660,2200
16661,2202
16662,2202
16663,2202
16664,2202
16665,2202
16666,2202
16667,2202
16668,2202
16669,2202
16670,2202
16671,2201
16672,2202
16673,2202
16674,2202
16675,2202
16676,2202
16677,2202
16678,2202
16679,2202
16680,2202
16681,2201
16682,2202
16683,2202
16684,2202
16685,2202
16686,2201
16687,2202
16688,2202
16689,2202
16690,2202
16691,2202
16692,2202
16693,2202
16694,2202
16695,2202
16696,2201
16697,2202
16698,2202
16699,2202
16700,2201
16701,2202
16702,2202
16703,2202
16704,2202
16705,2202
16706,2202
16707,2202
16708,2202
16709,2202
16710,2202
16711,2202
16712,2202
16713,2202
16714,2202
16715,2202
16716,2202
16717,2202
16718,2202
16719,2202
16720,2202
16721,2202
16722,2202
16723,2202
16724,2202
16725,2202
16726,2202
16727,2202
16728,2202
16729,2202
16730,2202
16731,2202
16732,2202
16733,2202
16734,2202
16735,2202
16736,2202
16737,2202
16738,2202
16739,2202
16740,2202
16741,2202
16742,2202
16743,2202
16744,2202
16745,2202
16746,2202
16747,2201
16748,2202
16749,2202
16750,2201
16751,2202
16752,2202
16753,2202
16754,2202
16755,2202
16756,2202
16757,2202
16758,2202
16759,2202
16760,2199
16761,2202
16762,2202
16763,2202
16764,2202
16765,2202
16766,2202
16767,2202
16768,2202
16769,2202
16770,2202
16771,2200
16772,2202
16773,2202
16774,2202
16775,2202
16776,2202
16777,2202
16778,2202
16779,2202
16780,2202
16781,2201
16782,2202
16783,2202
16784,2202
16785,2202
16786,2201
16787,2202
16788,2202
16789,2202
16790,2202
16791,2201
16792,2202
16793,2202
16794,2202
16795,2202
16796,2201
16797,2202
16798,2202
16799,2202
16800,2201
16801,2202
16802,2202
16803,2202
16804,2202
16805,2202
16806,2202
16807,2202
16808,2202
16809,2202
16810,2202
16811,2202
16812,2202
16813,2202
16814,2202
16815,2202
16816,2202
16817,2202
16818,2202
16819,2202
16820,2202
16821,2202
16822,2202
16823,2202
16824,2202
16825,2202
16826,2202
16827,2202
16828,2202
16829,2202
16830,2202
16831,2202
16832,2202
16833,2202
16834,2202
16835,2202
16836,2202
16837,2202
16838,2202
16839,2202
16840,2202
16841,2202
16842,2202
16843,2202
16844,2202
16845,2202
16846,2202
16847,2201
16848,2202
16849,2202
16850,2201
16851,2202
16852,2202
16853,2202
16854,2202
16855,2202
16856,2202
16857,2202
16858,2202
16859,2202
16860,2199
16861,2202
16862,2202
16863,2202
16864,2202
16865,2202
16866,2202
16867,2202
16868,2202
16869,2202
16870,2202
16871,2200
16872,2202
16873,2202
16874,2202
16875,2202
16876,2202
16877,2202
16878,2202
16879,2202
16880,2202
16881,2201
16882,2202
16883,2202
16884,2202
16885,2202
16886,2201
16887,2202
16888,2202
16889,2202
16890,2202
16891,2201
16892,2202
16893,2202
16894,2202
16895,2202
16896,2201
16897,2202
16898,2202
16899,2202
16900,2201
16901,2202
16902,2202
16903,2202
16904,2202
16905,2202
16906,2202
16907,2202
16908,2202
16909,2202
16910,2202
16911,2202
16912,2202
16913,2202
16914,2202
16915,2202
16916,2202
16917,2202
16918,2202
16919,2202
16920,2202
16921,2202
16922,2202
16923,2202
16924,2202
16925,2202
16926,2202
16927,2202
16928,2202
16929,2202
16930,2202
16931,2202
16932,2202
16933,2202
16934,2202
16935,2202
16936,2202
16937,2202
16938,2202
16939,2202
16940,2202
16941,2202
16942,2202
16943,2202
16944,2202
16945,2202
16946,2202
16947,2201
16948,2202
16949,2202
16950,2201
16951,2202
16952,2202
16953,2202
16954,2202
16955,2202
16956,2202
16957,2202
16958,2202
16959,2202
16960,2199
16961,2202
16962,2202
16963,2202
16964,2202
16965,2202
16966,2202
16967,2202
16968,2202
16969,2202
16970,2202
16971,2200
16972,2202
16973,2202
16974,2202
16975,2202
16976,2202
16977,2202
16978,2202
16979,2202
16980,2202
16981,2201
16982,2202
16983,2202
16984,2202
16985,2202
16986,2201
16987,2202
16988,2202
16989,2202
16990,2202
16991,2201
16992,2202
16993,2202
16994,2202
16995,2202
16996,2201
16997,2202
16998,2202
16999,2202
17000,2201
17001,2202
17002,2202
17003,2202
17004,2202
17005,2202
17006,2202
17007,2202
17008,2202
17009,2202
17010,2202
17011,2202
17012,2202
17013,2202
17014,2202
17015,2202
17016,2202
17017,2202
17018,2202
17019,2202
17020,2202
17021,2202
17022,2202
17023,2202
17024,2202
17025,2202
17026,2202
17027,2202
17028,2202
17029,2202
17030,2202
17031,2202
17032,2202
17033,2202
17034,2202
17035,2202
17036,2202
17037,2202
17038,2202
17039,2202
17040,2202
17041,2202
17042,2202
17043,2202
17044,2202
17045,2202
17046,2202
17047,2201
17048,2202
17049,2202
17050,2201
17051,2202
17052,2202
17053,2202
17054,2202
17055,2202
17056,2202
17057,2202
17058,2202
17059,2202
17060,2199
17061,2202
17062,2202
17063,2202
17064,2202
17065,2202
17066,2202
17067,2202
17068,2202
17069,2202
17070,2202
17071,2200
17072,2202
17073,2202
17074,2202
17075,2202
17076,2202
17077,2202
17078,2202
17079,2202
17080,2202
17081,2201
17082,2202
17083,2202
17084,2202
17085,2202
17086,2201
17087,2202
17088,2202
17089,2202
17090,2202
17091,2201
17092,2202
17093,2202
17094,2202
17095,2202
17096,2201
17097,2202
17098,2202
17099,2202
17100,2201
17101,2202
17102,2202
17103,2202
17104,2202
17105,2202
17106,2202
17107,2202
17108,2202
17109,2202
17110,2202
17111,2202
17112,2202
17113,2202
17114,2202
17115,2202
17116,2202
17117,2202
17118,2202
17119,2202
17120,2202
17121,2202
17122,2202
17123,2202
17124,2202
17125,2202
17126,2202
17127,2202
17128,2202
17129,2202
17130,2202
17131,2202
17132,2202
17133,2202
17134,2202
17135,2202
17136,2202
17137,2202
17138,2202
17139,2202
17140,2202
17141,2202
17142,2202
17143,2202
17144,2202
17145,2202
17146,2202
17147,2201
17148,2202
17149,2202
17150,2201
17151,2202
17152,2202
17153,2202
17154,2202
17155,2202
17156,2202
17157,2202
17158,2202
17159,2202
17160,2200
17161,2202
17162,2202
17163,2202
17164,2202
17165,2202
17166,2202
17167,2202
17168,2202
17169,2202
17170,2202
17171,2200
17172,2202
17173,2202
17174,2202
17175,2202
17176,2202
17177,2202
17178,2202
17179,2202
17180,2202
17181,2202
17182,2202
17183,2202
17184,2202
17185,2202
17186,2201
17187,2202
17188,2202
17189,2202
17190,2202
17191,2201
17192,2202
17193,2202
17194,2202
17195,2202
17196,2202
17197,2202
17198,2202
17199,2202
17200,2201
17201,2202
17202,2202
17203,2202
17204,2202
17205,2202
17206,2202
17207,2202
17208,2202
17209,2202
17210,2202
17211,2202
17212,2202
17213,2202
17214,2202
17215,2202
17216,2202
17217,2202
17218,2202
17219,2202
17220,2202
17221,2202
17222,2202
17223,2202
17224,2202
17225,2202
17226,2202
17227,2202
17228,2202
17229,2202
17230,2202
17231,2202
17232,2202
17233,2202
17234,2202
17235,2202
17236,2202
17237,2202
17238,2202
17239,2202
17240,2202
17241,2202
17242,2202
17243,2202
17244,2202
17245,2202
17246,2202
17247,2201
17248,2202
17249,2202
17250,2201
17251,2202
17252,2202
17253,2202
17254,2202
17255,2202
17256,2202
17257,2202
17258,2202
17259,2202
17260,2200
17261,2202
17262,2202
17263,2202
17264,2202
17265,2202
17266,2202
17267,2202
17268,2202
17269,2202
17270,2202
17271,2200
17272,2202
17273,2202
17274,2202
17275,2202
17276,2202
17277,2202
17278,2202
17279,2202
17280,2202
17281,2202
17282,2202
17283,2202
17284,2202
17285,2202
17286,2201
17287,2202
17288,2202
17289,2202
17290,2202
17291,2201
17292,2202
17293,2202
17294,2202
17295,2202
17296,2202
17297,2202
17298,2202
17299,2202
17300,2201
17301,2202
17302,2202
17303,2202
17304,2202
17305,2202
17306,2202
17307,2202
17308,2202
17309,2202
17310,2202
17311,2202
17312,2202
17313,2202
17314,2202
17315,2202
17316,2202
17317,2202
17318,2202
17319,2202
17320,2202
17321,2202
17322,2202
17323,2202
17324,2202
17325,2202
17326,2202
17327,2202
17328,2202
17329,2202
17330,2202
17331,2202
17332,2202
17333,2202
17334,2202
17335,2202
17336,2202
17337,2202
17338,2202
17339,2202
17340,2202
17341,2202
17342,2202
17343,2202
17344,2202
17345,2202
17346,2202
17347,2201
17348,2202
17349,2202
17350,2201
17351,2202
17352,2202
17353,2202
17354,2202
17355,2202
17356,2202
17357,2202
17358,2202
17359,2202
17360,2200
17361,2202
17362,2202
17363,2202
17364,2202
17365,2202
17366,2202
17367,2202
17368,2202
17369,2202
17370,2202
17371,2200
17372,2202
17373,2202
17374,2202
17375,2202
17376,2202
17377,2202
17378,2202
17379,2202
17380,2202
17381,2202
17382,2202
17383,2202
17384,2202
17385,2202
17386,2201
17387,2202
17388,2202
17389,2202
17390,2202
17391,2201
17392,2202
17393,2202
17394,2202
17395,2202
17396,2202
17397,2202
17398,2202
17399,2202
17400,2201
17401,2202
17402,2202
17403,2202
17404,2202
17405,2202
17406,2202
17407,2202
17408,2202
17409,2202
17410,2202
17411,2202
17412,2202
17413,2202
17414,2202
17415,2202
17416,2202
17417,2202
17418,2202
17419,2202
17420,2202
17421,2202
17422,2202
17423,2202
17424,2202
17425,2202
17426,2202
17427,2202
17428,2202
17429,2202
17430,2202
17431,2202
17432,2202
17433,2202
17434,2202
17435,2202
17436,2202
17437,2202
17438,2202
17439,2202
17440,2202
17441,2202
17442,2202
17443,2202
17444,2202
17445,2202
17446,2202
17447,2201
17448,2202
17449,2202
17450,2201
17451,2202
17452,2202
17453,2202
17454,2202
17455,2202
17456,2202
17457,2202
17458,2202
17459,2202
17460,2200
17461,2202
17462,2202
17463,2202
17464,2202
17465,2202
17466,2202
17467,2202
17468,2202
17469,2202
17470,2202
17471,2200
17472,2202
17473,2202
17474,2202
17475,2202
17476,2202
17477,2202
17478,2202
17479,2202
17480,2202
17481,2202
17482,2202
17483,2202
17484,2202
17485,2202
17486,2201
17487,2202
17488,2202
17489,2202
17490,2202
17491,2201
17492,2202
17493,2202
17494,2202
17495,2202
17496,2202
17497,2202
17498,2202
17499,2202
17500,2201
17501,2202
17502,2202
17503,2202
17504,2202
17505,2202
17506,2202
17507,2202
17508,2202
17509,2202
17510,2202
17511,2202
17512,2202
17513,2202
17514,2202
17515,2202
17516,2202
17517,2202
17518,2202
17519,2202
17520,2202
17521,2202
17522,2202
17523,2202
17524,2202
17525,2202
17526,2202
17527,2202
17528,2202
17529,2202
17530,2202
17531,2202
17532,2202
17533,2202
17534,2202
17535,2202
17536,2202
17537,2202
17538,2202
17539,2202
17540,2202
17541,2202
17542,2202
17543,2202
17544,2202
17545,2202
17546,2202
17547,2201
17548,2202
17549,2202
17550,2201
17551,2202
17552,2202
17553,2202
17554,2202
17555,2202
17556,2202
17557,2202
17558,2202
17559,2202
17560,2200
17561,2202
17562,2202
17563,2202
17564,2202
17565,2202
17566,2202
17567,2202
17568,2202
17569,2202
17570,2202
17571,2200
17572,2202
17573,2202
17574,2202
17575,2202
17576,2202
17577,2202
17578,2202
17579,2202
17580,2202
17581,2202
17582,2202
17583,2202
17584,2202
17585,2202
17586,2201
17587,2202
17588,2202
17589,2202
17590,2202
17591,2201
17592,2202
17593,2202
17594,2202
17595,2202
17596,2202
17597,2202
17598,2202
17599,2202
17600,2201
17601,2202
17602,2202
17603,2202
17604,2202
17605,2202
17606,2202
17607,2202
17608,2202
17609,2202
17610,2202
17611,2202
17612,2202
17613,2202
17614,2202
17615,2202
17616,2202
17617,2202
17618,2202
17619,2202
17620,2202
17621,2202
17622,2202
17623,2202
17624,2202
17625,2202
17626,2202
17627,2202
17628,2202
17629,2202
17630,2202
17631,2202
17632,2202
17633,2202
17634,2202
17635,2202
17636,2202
17637,2202
17638,2202
17639,2202
17640,2202
17641,2202
17642,2202
17643,2202
17644,2202
17645,2202
17646,2202
17647,2201
17648,2202
17649,2202
17650,2201
17651,2202
17652,2202
17653,2202
17654,2202
17655,2202
17656,2202
17657,2202
17658,2202
17659,2202
17660,2200
17661,2202
17662,2202
17663,2202
17664,2202
17665,2202
17666,2202
17667,2202
17668,2202
17669,2202
17670,2202
17671,2200
17672,2202
17673,2202
17674,2202
17675,2202
17676,2202
17677,2202
17678,2202
17679,2202
17680,2202
17681,2202
17682,2202
17683,2202
17684,2202
17685,2202
17686,2201
17687,2202
17688,2202
17689,2202
17690,2202
17691,2201
17692,2202
17693,2202
17694,2202
17695,2202
17696,2202
17697,2202
17698,2202
17699,2202
17700,2201
17701,2202
17702,2202
17703,2202
17704,2202
17705,2202
17706,2202
17707,2202
17708,2202
17709,2202
17710,2202
17711,2202
17712,2202
17713,2202
17714,2202
17715,2202
17716,2202
17717,2202
17718,2202
17719,2202
17720,2202
17721,2202
17722,2202
17723,2202
17724,2202
17725,2202
17726,2202
17727,2202
17728,2202
17729,2202
17730,2202
17731,2202
17732,2202
17733,2202
17734,2202
17735,2202
17736,2202
17737,2202
17738,2202
17739,2202
17740,2202
17741,2202
17742,2202
17743,2202
17744,2202
17745,2202
17746,2202
17747,2201
17748,2202
17749,2202
17750,2201
17751,2202
17752,2202
17753,2202
17754,2202
17755,2202
17756,2202
17757,2202
17758,2202
17759,2202
17760,2200
17761,2202
17762,2202
17763,2202
17764,2202
17765,2202
17766,2202
17767,2202
17768,2202
17769,2202
17770,2202
17771,2200
17772,2202
17773,2202
17774,2202
17775,2202
17776,2202
17777,2202
17778,2202
17779,2202
17780,2202
17781,2202
17782,2202
17783,2202
17784,2202
17785,2202
17786,2201
17787,2202
17788,2202
17789,2202
17790,2202
17791,2201
17792,2202
17793,2202
17794,2202
17795,2202
17796,2202
17797,2202
17798,2202
17799,2202
17800,2201
17801,2202
17802,2202
17803,2202
17804,2202
17805,2202
17806,2202
17807,2202
17808,2202
17809,2202
17810,2202
17811,2202
17812,2202
17813,2202
17814,2202
17815,2202
17816,2202
17817,2202
17818,2202
17819,2202
17820,2202
17821,2202
17822,2202
17823,2202
17824,2202
17825,2202
17826,2202
17827,2202
17828,2202
17829,2202
17830,2202
17831,2202
17832,2202
17833,2202
17834,2202
17835,2202
17836,2202
17837,2202
17838,2202
17839,2202
17840,2202
17841,2202
17842,2202
17843,2202
17844,2202
17845,2202
17846,2202
17847,2201
17848,2202
17849,2202
17850,2201
17851,2202
17852,2202
17853,2202
17854,2202
17855,2202
17856,2202
17857,2202
17858,2202
17859,2202
17860,2200
17861,2202
17862,2202
17863,2202
17864,2202
17865,2202
17866,2202
17867,2202
17868,2202
17869,2202
17870,2202
17871,2200
17872,2202
17873,2202
17874,2202
17875,2202
17876,2202
17877,2202
17878,2202
17879,2202
17880,2202
17881,2202
17882,2202
17883,2202
17884,2202
17885,2202
17886,2201
17887,2202
17888,2202
17889,2202
17890,2202
17891,2201
17892,2202
17893,2202
17894,2202
17895,2202
17896,2202
17897,2202
17898,2202
17899,2202
17900,2201
17901,2202
17902,2202
17903,2202
17904,2202
17905,2202
17906,2202
17907,2202
17908,2202
17909,2202
17910,2202
17911,2202
17912,2202
17913,2202
17914,2202
17915,2202
17916,2202
17917,2202
17918,2202
17919,2202
17920,2202
17921,2202
17922,2202
17923,2202
17924,2202
17925,2202
17926,2202
17927,2202
17928,2202
17929,2202
17930,2202
17931,2202
17932,2202
17933,2202
17934,2202
17935,2202
17936,2202
17937,2202
17938,2202
17939,2202
17940,2202
17941,2202
17942,2202
17943,2202
17944,2202
17945,2202
17946,2202
17947,2201
17948,2202
17949,2202
17950,2201
17951,2202
17952,2202
17953,2202
17954,2202
17955,2202
17956,2202
17957,2202
17958,2202
17959,2202
17960,2200
17961,2202
17962,2202
17963,2202
17964,2202
17965,2202
17966,2202
17967,2202
17968,2202
17969,2202
17970,2202
17971,2200
17972,2202
17973,2202
17974,2202
17975,2202
17976,2202
17977,2202
17978,2202
17979,2202
17980,2202
17981,2202
17982,2202
17983,2202
17984,2202
17985,2202
17986,2201
17987,2202
17988,2202
17989,2202
17990,2202
17991,2201
17992,2202
17993,2202
17994,2202
17995,2202
17996,2202
17997,2202
17998,2202
17999,2202
18000,2201
18001,2202
18002,2202
18003,2202
18004,2202
18005,2202
18006,2202
18007,2202
18008,2202
18009,2202
18010,2202
18011,2202
18012,2202
18013,2202
18014,2202
18015,2202
18016,2202
18017,2202
18018,2202
18019,2202
18020,2202
18021,2202
18022,2202
18023,2202
18024,2202
18025,2202
18026,2202
18027,2202
18028,2202
18029,2202
18030,2202
18031,2202
18032,2202
18033,2202
18034,2202
18035,2202
18036,2202
18037,2202
18038,2202
18039,2202
18040,2202
18041,2202
18042,2202
18043,2202
18044,2202
18045,2202
18046,2202
18047,2201
18048,2202
18049,2202
18050,2201
18051,2202
18052,2202
18053,2202
18054,2202
18055,2202
18056,2202
18057,2202
18058,2202
18059,2202
18060,2200
18061,2202
18062,2202
18063,2202
18064,2202
18065,2202
18066,2202
18067,2202
18068,2202
18069,2202
18070,2202
18071,2200
18072,2202
18073,2202
18074,2202
18075,2202
18076,2202
18077,2202
18078,2202
18079,2202
18080,2202
18081,2202
18082,2202
18083,2202
18084,2202
18085,2202
18086,2201
18087,2202
18088,2202
18089,2202
18090,2202
18091,2201
18092,2202
18093,2202
18094,2202
18095,2202
18096,2202
18097,2202
18098,2202
18099,2202
18100,2201
18101,2202
18102,2202
18103,2202
18104,2202
18105,2202
18106,2202
18107,2202
18108,2202
18109,2202
18110,2202
18111,2202
18112,2202
18113,2202
18114,2202
18115,2202
18116,2202
18117,2202
18118,2202
18119,2202
18120,2202
18121,2202
18122,2202
18123,2202
18124,2202
18125,2202
18126,2202
18127,2202
18128,2202
18129,2202
18130,2202
18131,2202
18132,2202
18133,2202
18134,2202
18135,2202
18136,2202
18137,2202
18138,2202
18139,2202
18140,2202
18141,2202
18142,2202
18143,2202
18144,2202
18145,2202
18146,2202
18147,2201
18148,2202
18149,2202
18150,2201
18151,2202
18152,2202
18153,2202
18154,2202
18155,2202
18156,2202
18157,2202
18158,2202
18159,2202
18160,2200
18161,2202
18162,2202
18163,2202
18164,2202
18165,2202
18166,2202
18167,2202
18168,2202
18169,2202
18170,2202
18171,2200
18172,2202
18173,2202
18174,2202
18175,2202
18176,2202
18177,2202
18178,2202
18179,2202
18180,2202
18181,2202
18182,2202
18183,2202
18184,2202
18185,2202
18186,2201
18187,2202
18188,2202
18189,2202
18190,2202
18191,2201
18192,2202
18193,2202
18194,2202
18195,2202
18196,2202
18197,2202
18198,2202
18199,2202
18200,2201
18201,2202
18202,2202
18203,2202
18204,2202
18205,2202
18206,2202
18207,2202
18208,2202
18209,2202
18210,2202
18211,2202
18212,2202
18213,2202
18214,2202
18215,2202
18216,2202
18217,2202
18218,2202
18219,2202
18220,2202
18221,2202
18222,2202
18223,2202
18224,2202
18225,2202
18226,2202
18227,2202
18228,2202
18229,2202
18230,2202
18231,2202
18232,2202
18233,2202
18234,2202
18235,2202
18236,2202
18237,2202
18238,2202
18239,2202
18240,2202
18241,2202
18242,2202
18243,2202
18244,2202
18245,2202
18246,2202
18247,2201
18248,2202
18249,2202
18250,2201
18251,2202
18252,2202
18253,2202
18254,2202
18255,2202
18256,2202
18257,2202
18258,2202
18259,2202
18260,2200
18261,2202
18262,2202
18263,2202
18264,2202
18265,2202
18266,2202
18267,2202
18268,2202
18269,2202
18270,2202
18271,2200
18272,2202
18273,2202
18274,2202
18275,2202
18276,2202
18277,2202
18278,2202
18279,2202
18280,2202
18281,2202
18282,2202
18283,2202
18284,2202
18285,2202
18286,2201
18287,2202
18288,2202
18289,2202
18290,2202
18291,2201
18292,2202
18293,2202
18294,2202
18295,2202
18296,2202
18297,2202
18298,2202
18299,2202
18300,2201
18301,2202
18302,2202
18303,2202
18304,2202
18305,2202
18306,2202
18307,2202
18308,2202
18309,2202
18310,2202
18311,2202
18312,2202
18313,2202
18314,2202
18315,2202
18316,2202
18317,2202
18318,2202
18319,2202
18320,2202
18321,2202
18322,2202
18323,2202
18324,2202
18325,2202
18326,2202
18327,2202
18328,2202
18329,2202
18330,2202
18331,2202
18332,2202
18333,2202
18334,2202
18335,2202
18336,2202
18337,2202
18338,2202
18339,2202
18340,2202
18341,2202
18342,2202
18343,2202
18344,2202
18345,2202
18346,2202
18347,2201
18348,2202
18349,2202
18350,2201
18351,2202
18352,2202
18353,2202
18354,2202
18355,2202
18356,2202
18357,2202
18358,2202
18359,2202
18360,2200
18361,2202
18362,2202
18363,2202
18364,2202
18365,2202
18366,2202
18367,2202
18368,2202
18369,2202
18370,2202
18371,2200
18372,2202
18373,2202
18374,2202
18375,2202
18376,2202
18377,2202
18378,2202
18379,2202
18380,2202
18381,2202
18382,2202
18383,2202
18384,2202
18385,2202
18386,2201
18387,2202
18388,2202
18389,2202
18390,2202
18391,2201
18392,2202
18393,2202
18394,2202
18395,2202
18396,2202
18397,2202
18398,2202
18399,2202
18400,2202
18401,2202
18402,2202
18403,2202
18404,2202
18405,2202
18406,2202
18407,2202
18408,2202
18409,2202
18410,2202
18411,2202
18412,2202
18413,2202
18414,2202
18415,2202
18416,2202
18417,2202
18418,2202
18419,2202
18420,2202
18421,2202
18422,2202
18423,2202
18424,2202
18425,2202
18426,2202
18427,2202
18428,2202
18429,2202
18430,2202
18431,2202
18432,2202
18433,2202
18434,2202
18435,2202
18436,2202
18437,2202
18438,2202
18439,2202
18440,2202
18441,2202
18442,2202
18443,2202
18444,2202
18445,2202
18446,2202
18447,2201
18448,2202
18449,2202
18450,2202
18451,2202
18452,2202
18453,2202
18454,2202
18455,2202
18456,2202
18457,2202
18458,2202
18459,2202
18460,2200
18461,2202
18462,2202
18463,2202
18464,2202
18465,2202
18466,2202
18467,2202
18468,2202
18469,2202
18470,2202
18471,2200
18472,2202
18473,2202
18474,2202
18475,2202
18476,2202
18477,2202
18478,2202
18479,2202
18480,2202
18481,2202
18482,2202
18483,2202
18484,2202
18485,2202
18486,2201
18487,2202
18488,2202
18489,2202
18490,2202
18491,2201
18492,2202
18493,2202
18494,2202
18495,2202
18496,2202
18497,2202
18498,2202
18499,2202
18500,2202
18501,2202
18502,2202
18503,2202
18504,2202
18505,2202
18506,2202
18507,2202
18508,2202
18509,2202
18510,2202
18511,2202
18512,2202
18513,2202
18514,2202
18515,2202
18516,2202
18517,2202
18518,2202
18519,2202
18520,2202
18521,2202
18522,2202
18523,2202
18524,2202
18525,2202
18526,2202
18527,2202
18528,2202
18529,2202
18530,2202
18531,2202
18532,2202
18533,2202
18534,2202
18535,2202
18536,2202
18537,2202
18538,2202
18539,2202
18540,2202
18541,2202
18542,2202
18543,2202
18544,2202
18545,2202
18546,2202
18547,2201
18548,2202
18549,2202
18550,2202
18551,2202
18552,2202
18553,2202
18554,2202
18555,2202
18556,2202
18557,2202
18558,2202
18559,2202
18560,2200
18561,2202
18562,2202
18563,2202
18564,2202
18565,2202
18566,2202
18567,2202
18568,2202
18569,2202
18570,2202
18571,2200
18572,2202
18573,2202
18574,2202
18575,2202
18576,2202
18577,2202
18578,2202
18579,2202
18580,2202
18581,2202
18582,2202
18583,2202
18584,2202
18585,2202
18586,2201
18587,2202
18588,2202
18589,2202
18590,2202
18591,2201
18592,2202
18593,2202
18594,2202
18595,2202
18596,2202
18597,2202
18598,2202
18599,2202
18600,2202
18601,2202
18602,2202
18603,2202
18604,2202
18605,2202
18606,2202
18607,2202
18608,2202
18609,2202
18610,2202
18611,2202
18612,2202
18613,2202
18614,2202
18615,2202
18616,2202
18617,2202
18618,2202
18619,2202
18620,2202
18621,2202
18622,2202
18623,2202
18624,2202
18625,2202
18626,2202
18627,2202
18628,2202
18629,2202
18630,2202
18631,2202
18632,2202
18633,2202
18634,2202
18635,2202
18636,2202
18637,2202
18638,2202
18639,2202
18640,2202
18641,2202
18642,2202
18643,2202
18644,2202
18645,2202
18646,2202
18647,2201
18648,2202
18649,2202
18650,2202
18651,2202
18652,2202
18653,2202
18654,2202
18655,2202
18656,2202
18657,2202
18658,2202
18659,2202
18660,2200
18661,2202
18662,2202
18663,2202
18664,2202
18665,2202
18666,2202
18667,2202
18668,2202
18669,2202
18670,2202
18671,2200
18672,2202
18673,2202
18674,2202
18675,2202
18676,2202
18677,2202
18678,2202
18679,2202
18680,2202
18681,2202
18682,2202
18683,2202
18684,2202
18685,2202
18686,2201
18687,2202
18688,2202
18689,2202
18690,2202
18691,2201
18692,2202
18693,2202
18694,2202
18695,2202
18696,2202
18697,2202
18698,2202
18699,2202
18700,2202
18701,2202
18702,2202
18703,2202
18704,2202
18705,2202
18706,2202
18707,2202
18708,2202
18709,2202
18710,2202
18711,2202
18712,2202
18713,2202
18714,2202
18715,2202
18716,2202
18717,2202
18718,2202
18719,2202
18720,2202
18721,2202
18722,2202
18723,2202
18724,2202
18725,2202
18726,2202
18727,2202
18728,2202
18729,2202
18730,2202
18731,2202
18732,2202
18733,2202
18734,2202
18735,2202
18736,2202
18737,2202
18738,2202
18739,2202
18740,2202
18741,2202
18742,2202
18743,2202
18744,2202
18745,2202
18746,2202
18747,2201
18748,2202
18749,2202
18750,2202
18751,2202
18752,2202
18753,2202
18754,2202
18755,2202
18756,2202
18757,2202
18758,2202
18759,2202
18760,2200
18761,2202
18762,2202
18763,2202
18764,2202
18765,2202
18766,2202
18767,2202
18768,2202
18769,2202
18770,2202
18771,2200
18772,2202
18773,2202
18774,2202
18775,2202
18776,2202
18777,2202
18778,2202
18779,2202
18780,2202
18781,2202
18782,2202
18783,2202
18784,2202
18785,2202
18786,2201
18787,2202
18788,2202
18789,2202
18790,2202
18791,2201
18792,2202
18793,2202
18794,2202
18795,2202
18796,2202
18797,2202
18798,2202
18799,2202
18800,2202
18801,2202
18802,2202
18803,2202
18804,2202
18805,2202
18806,2202
18807,2202
18808,2202
18809,2202
18810,2202
18811,2202
18812,2202
18813,2202
18814,2202
18815,2202
18816,2202
18817,2202
18818,2202
18819,2202
18820,2202
18821,2202
18822,2202
18823,2202
18824,2202
18825,2202
18826,2202
18827,2202
18828,2202
18829,2202
18830,2202
18831,2202
18832,2202
18833,2202
18834,2202
18835,2202
18836,2202
18837,2202
18838,2202
18839,2202
18840,2202
18841,2202
18842,2202
18843,2202
18844,2202
18845,2202
18846,2202
18847,2201
18848,2202
18849,2202
18850,2202
18851,2202
18852,2202
18853,2202
18854,2202
18855,2202
18856,2202
18857,2202
18858,2202
18859,2202
18860,2200
18861,2202
18862,2202
18863,2202
18864,2202
18865,2202
18866,2202
18867,2202
18868,2202
18869,2202
18870,2202
18871,2200
18872,2202
18873,2202
18874,2202
18875,2202
18876,2202
18877,2202
18878,2202
18879,2202
18880,2202
18881,2202
18882,2202
18883,2202
18884,2202
18885,2202
18886,2201
18887,2202
18888,2202
18889,2202
18890,2202
18891,2201
18892,2202
18893,2202
18894,2202
18895,2202
18896,2202
18897,2202
18898,2202
18899,2202
18900,2202
18901,2202
18902,2202
18903,2202
18904,2202
18905,2202
18906,2202
18907,2202
18908,2202
18909,2202
18910,2202
18911,2202
18912,2202
18913,2202
18914,2202
18915,2202
18916,2202
18917,2202
18918,2202
18919,2202
18920,2202
18921,2202
18922,2202
18923,2202
18924,2202
18925,2202
18926,2202
18927,2202
18928,2202
18929,2202
18930,2202
18931,2202
18932,2202
18933,2202
18934,2202
18935,2202
18936,2202
18937,2202
18938,2202
18939,2202
18940,2202
18941,2202
18942,2202
18943,2202
18944,2202
18945,2202
18946,2202
18947,2201
18948,2202
18949,2202
18950,2202
18951,2202
18952,2202
18953,2202
18954,2202
18955,2202
18956,2202
18957,2202
18958,2202
18959,2202
18960,2200
18961,2202
18962,2202
18963,2202
18964,2202
18965,2202
18966,2202
18967,2202
18968,2202
18969,2202
18970,2202
18971,2200
18972,2202
18973,2202
18974,2202
18975,2202
18976,2202
18977,2202
18978,2202
18979,2202
18980,2202
18981,2202
18982,2202
18983,2202
18984,2202
18985,2202
18986,2201
18987,2202
18988,2202
18989,2202
18990,2202
18991,2202
18992,2202
18993,2202
18994,2202
18995,2202
18996,2202
18997,2202
18998,2202
18999,2202
19000,2202
19001,2202
19002,2202
19003,2202
19004,2202
19005,2202
19006,2202
19007,2202
19008,2202
19009,2202
19010,2202
19011,2202
19012,2202
19013,2202
19014,2202
19015,2202
19016,2202
19017,2202
19018,2202
19019,2202
19020,2202
19021,2202
19022,2202
19023,2202
19024,2202
19025,2202
19026,2202
19027,2202
19028,2202
19029,2202
19030,2202
19031,2202
19032,2202
19033,2202
19034,2202
19035,2202
19036,2202
19037,2202
19038,2202
19039,2202
19040,2202
19041,2202
19042,2202
19043,2202
19044,2202
19045,2202
19046,2202
19047,2201
19048,2202
19049,2202
19050,2202
19051,2202
19052,2202
19053,2202
19054,2202
19055,2202
19056,2202
19057,2202
19058,2202
19059,2202
19060,2200
19061,2202
19062,2202
19063,2202
19064,2202
19065,2202
19066,2202
19067,2202
19068,2202
19069,2202
19070,2202
19071,2200
19072,2202
19073,2202
19074,2202
19075,2202
19076,2202
19077,2202
19078,2202
19079,2202
19080,2202
19081,2202
19082,2202
19083,2202
19084,2202
19085,2202
19086,2202
19087,2202
19088,2202
19089,2202
19090,2202
19091,2202
19092,2202
19093,2202
19094,2202
19095,2202
19096,2202
19097,2202
19098,2202
19099,2202
19100,2202
19101,2202
19102,2202
19103,2202
19104,2202
19105,2202
19106,2202
19107,2202
19108,2202
19109,2202
19110,2202
19111,2202
19112,2202
19113,2202
19114,2202
19115,2202
19116,2202
19117,2202
19118,2202
19119,2202
19120,2202
19121,2202
19122,2202
19123,2202
19124,2202
19125,2202
19126,2202
19127,2202
19128,2202
19129,2202
19130,2202
19131,2202
19132,2202
19133,2202
19134,2202
19135,2202
19136,2202
19137,2202
19138,2202
19139,2202
19140,2202
19141,2202
19142,2202
19143,2202
19144,2202
19145,2202
19146,2202
19147,2201
19148,2202
19149,2202
19150,2202
19151,2202
19152,2202
19153,2202
19154,2202
19155,2202
19156,2202
19157,2202
19158,2202
19159,2202
19160,2200
19161,2202
19162,2202
19163,2202
19164,2202
19165,2202
19166,2202
19167,2202
19168,2202
19169,2202
19170,2202
19171,2200
19172,2202
19173,2202
19174,2202
19175,2202
19176,2202
19177,2202
19178,2202
19179,2202
19180,2202
19181,2202
19182,2202
19183,2202
19184,2202
19185,2202
19186,2202
19187,2202
19188,2202
19189,2202
19190,2202
19191,2202
19192,2202
19193,2202
19194,2202
19195,2202
19196,2202
19197,2202
19198,2202
19199,2202
19200,2202
19201,2202
19202,2202
19203,2202
19204,2202
19205,2202
19206,2202
19207,2202
19208,2202
19209,2202
19210,2202
19211,2202
19212,2202
19213,2202
19214,2202
19215,2202
19216,2202
19217,2202
19218,2202
19219,2202
19220,2202
19221,2202
19222,2202
19223,2202
19224,2202
19225,2202
19226,2202
19227,2202
19228,2202
19229,2202
19230,2202
19231,2202
19232,2202
19233,2202
19234,2202
19235,2202
19236,2202
19237,2202
19238,2202
19239,2202
19240,2202
19241,2202
19242,2202
19243,2202
19244,2202
19245,2202
19246,2202
19247,2201
19248,2202
19249,2202
19250,2202
19251,2202
19252,2202
19253,2202
19254,2202
19255,2202
19256,2202
19257,2202
19258,2202
19259,2202
19260,2200
19261,2202
19262,2202
19263,2202
19264,2202
19265,2202
19266,2202
19267,2202
19268,2202
19269,2202
19270,2202
19271,2200
19272,2202
19273,2202
19274,2202
19275,2202
19276,2202
19277,2202
19278,2202
19279,2202
19280,2202
19281,2202
19282,2202
19283,2202
19284,2202
19285,2202
19286,2202
19287,2202
19288,2202
19289,2202
19290,2202
19291,2202
19292,2202
19293,2202
19294,2202
19295,2202
19296,2202
19297,2202
19298,2202
19299,2202
19300,2202
19301,2202
19302,2202
19303,2202
19304,2202
19305,2202
19306,2202
19307,2202
19308,2202
19309,2202
19310,2202
19311,2202
19312,2202
19313,2202
19314,2202
19315,2202
19316,2202
19317,2202
19318,2202
19319,2202
19320,2202
19321,2202
19322,2202
19323,2202
19324,2202
19325,2202
19326,2202
19327,2202
19328,2202
19329,2202
19330,2202
19331,2202
19332,2202
19333,2202
19334,2202
19335,2202
19336,2202
19337,2202
19338,2202
19339,2202
19340,2202
19341,2202
19342,2202
19343,2202
19344,2202
19345,2202
19346,2202
19347,2201
19348,2202
19349,2202
19350,2202
19351,2202
19352,2202
19353,2202
19354,2202
19355,2202
19356,2202
19357,2202
19358,2202
19359,2202
19360,2200
19361,2202
19362,2202
19363,2202
19364,2202
19365,2202
19366,2202
19367,2202
19368,2202
19369,2202
19370,2202
19371,2200
19372,2202
19373,2202
19374,2202
19375,2202
19376,2202
19377,2202
19378,2202
19379,2202
19380,2202
19381,2202
19382,2202
19383,2202
19384,2202
19385,2202
19386,2202
19387,2202
19388,2202
19389,2202
19390,2202
19391,2202
19392,2202
19393,2202
19394,2202
19395,2202
19396,2202
19397,2202
19398,2202
19399,2202
19400,2202
19401,2202
19402,2202
19403,2202
19404,2202
19405,2202
19406,2202
19407,2202
19408,2202
19409,2202
19410,2202
19411,2202
19412,2202
19413,2202
19414,2202
19415,2202
19416,2202
19417,2202
19418,2202
19419,2202
19420,2202
19421,2202
19422,2202
19423,2202
19424,2202
19425,2202
19426,2202
19427,2202
19428,2202
19429,2202
19430,2202
19431,2202
19432,2202
19433,2202
19434,2202
19435,2202
19436,2202
19437,2202
19438,2202
19439,2202
19440,2202
19441,2202
19442,2202
19443,2202
19444,2202
19445,2202
19446,2202
19447,2201
19448,2202
19449,2202
19450,2202
19451,2202
19452,2202
19453,2202
19454,2202
19455,2202
19456,2202
19457,2202
19458,2202
19459,2202
19460,2200
19461,2202
19462,2202
19463,2202
19464,2202
19465,2202
19466,2202
19467,2202
19468,2202
19469,2202
19470,2202
19471,2200
19472,2202
19473,2202
19474,2202
19475,2202
19476,2202
19477,2202
19478,2202
19479,2202
19480,2202
19481,2202
19482,2202
19483,2202
19484,2202
19485,2202
19486,2202
19487,2202
19488,2202
19489,2202
19490,2202
19491,2202
19492,2202
19493,2202
19494,2202
19495,2202
19496,2202
19497,2202
19498,2202
19499,2202
19500,2202
19501,2202
19502,2202
19503,2202
19504,2202
19505,2202
19506,2202
19507,2202
19508,2202
19509,2202
19510,2202
19511,2202
19512,2202
19513,2202
19514,2202
19515,2202
19516,2202
19517,2202
19518,2202
19519,2202
19520,2202
19521,2202
19522,2202
19523,2202
19524,2202
19525,2202
19526,2202
19527,2202
19528,2202
19529,2202
19530,2202
19531,2202
19532,2202
19533,2202
19534,2202
19535,2202
19536,2202
19537,2202
19538,2202
19539,2202
19540,2202
19541,2202
19542,2202
19543,2202
19544,2202
19545,2202
19546,2202
19547,2201
19548,2202
19549,2202
19550,2202
19551,2202
19552,2202
19553,2202
19554,2202
19555,2202
19556,2202
19557,2202
19558,2202
19559,2202
19560,2200
19561,2202
19562,2202
19563,2202
19564,2202
19565,2202
19566,2202
19567,2202
19568,2202
19569,2202
19570,2202
19571,2200
19572,2202
19573,2202
19574,2202
19575,2202
19576,2202
19577,2202
19578,2202
19579,2202
19580,2202
19581,2202
19582,2202
19583,2202
19584,2202
19585,2202
19586,2202
19587,2202
19588,2202
19589,2202
19590,2202
19591,2202
19592,2202
19593,2202
19594,2202
19595,2202
19596,2202
19597,2202
19598,2202
19599,2202
19600,2202
19601,2202
19602,2202
19603,2202
19604,2202
19605,2202
19606,2202
19607,2202
19608,2202
19609,2202
19610,2202
19611,2202
19612,2202
19613,2202
19614,2202
19615,2202
19616,2202
19617,2202
19618,2202
19619,2202
19620,2202
19621,2202
19622,2202
19623,2202
19624,2202
19625,2202
19626,2202
19627,2202
19628,2202
19629,2202
19630,2202
19631,2202
19632,2202
19633,2202
19634,2202
19635,2202
19636,2202
19637,2202
19638,2202
19639,2202
19640,2202
19641,2202
19642,2202
19643,2202
19644,2202
19645,2202
19646,2202
19647,2201
19648,2202
19649,2202
19650,2202
19651,2202
19652,2202
19653,2202
19654,2202
19655,2202
19656,2202
19657,2202
19658,2202
19659,2202
19660,2200
19661,2202
19662,2202
19663,2202
19664,2202
19665,2202
19666,2202
19667,2202
19668,2202
19669,2202
19670,2202
19671,2200
19672,2202
19673,2202
19674,2202
19675,2202
19676,2202
19677,2202
19678,2202
19679,2202
19680,2202
19681,2202
19682,2202
19683,2202
19684,2202
19685,2202
19686,2202
19687,2202
19688,2202
19689,2202
19690,2202
19691,2202
19692,2202
19693,2202
19694,2202
19695,2202
19696,2202
19697,2202
19698,2202
19699,2202
19700,2202
19701,2202
19702,2202
19703,2202
19704,2202
19705,2202
19706,2202
19707,2202
19708,2202
19709,2202
19710,2202
19711,2202
19712,2202
19713,2202
19714,2202
19715,2202
19716,2202
19717,2202
19718,2202
19719,2202
19720,2202
19721,2202
19722,2202
19723,2202
19724,2202
19725,2202
19726,2202
19727,2202
19728,2202
19729,2202
19730,2202
19731,2202
19732,2202
19733,2202
19734,2202
19735,2202
19736,2202
19737,2202
19738,2202
19739,2202
19740,2202
19741,2202
19742,2202
19743,2202
19744,2202
19745,2202
19746,2202
19747,2201
19748,2202
19749,2202
19750,2202
19751,2202
19752,2202
19753,2202
19754,2202
19755,2202
19756,2202
19757,2202
19758,2202
19759,2202
19760,2200
19761,2202
19762,2202
19763,2202
19764,2202
19765,2202
19766,2202
19767,2202
19768,2202
19769,2202
19770,2202
19771,2200
19772,2202
19773,2202
19774,2202
19775,2202
19776,2202
19777,2202
19778,2202
19779,2202
19780,2202
19781,2202
19782,2202
19783,2202
19784,2202
19785,2202
19786,2202
19787,2202
19788,2202
19789,2202
19790,2202
19791,2202
19792,2202
19793,2202
19794,2202
19795,2202
19796,2202
19797,2202
19798,2202
19799,2202
19800,2202
19801,2202
19802,2202
19803,2202
19804,2202
19805,2202
19806,2202
19807,2202
19808,2202
19809,2202
19810,2202
19811,2202
19812,2202
19813,2202
19814,2202
19815,2202
19816,2202
19817,2202
19818,2202
19819,2202
19820,2202
19821,2202
19822,2202
19823,2202
19824,2202
19825,2202
19826,2202
19827,2202
19828,2202
19829,2202
19830,2202
19831,2202
19832,2202
19833,2202
19834,2202
19835,2202
19836,2202
19837,2202
19838,2202
19839,2202
19840,2202
19841,2202
19842,2202
19843,2202
19844,2202
19845,2202
19846,2202
19847,2201
19848,2202
19849,2202
19850,2202
19851,2202
19852,2202
19853,2202
19854,2202
19855,2202
19856,2202
19857,2202
19858,2202
19859,2202
19860,2201
19861,2202
19862,2202
19863,2202
19864,2202
19865,2202
19866,2202
19867,2202
19868,2202
19869,2202
19870,2202
19871,2201
19872,2202
19873,2202
19874,2202
19875,2202
19876,2202
19877,2202
19878,2202
19879,2202
19880,2202
19881,2202
19882,2202
19883,2202
19884,2202
19885,2202
19886,2202
19887,2202
19888,2202
19889,2202
19890,2202
19891,2202
19892,2202
19893,2202
19894,2202
19895,2202
19896,2202
19897,2202
19898,2202
19899,2202
19900,2202
19901,2202
19902,2202
19903,2202
19904,2202
19905,2202
19906,2202
19907,2202
19908,2202
19909,2202
19910,2202
19911,2202
19912,2202
19913,2202
19914,2202
19915,2202
19916,2202
19917,2202
19918,2202
19919,2202
19920,2202
19921,2202
19922,2202
19923,2202
19924,2202
19925,2202
19926,2202
19927,2202
19928,2202
19929,2202
19930,2202
19931,2202
19932,2202
19933,2202
19934,2202
19935,2202
19936,2202
19937,2202
19938,2202
19939,2202
19940,2202
19941,2202
19942,2202
19943,2202
19944,2202
19945,2202
19946,2202
19947,2201
19948,2202
19949,2202
19950,2202
19951,2202
19952,2202
19953,2202
19954,2202
19955,2202
19956,2202
19957,2202
19958,2202
19959,2202
19960,2201
19961,2202
19962,2202
19963,2202
19964,2202
19965,2202
19966,2202
19967,2202
19968,2202
19969,2202
19970,2202
19971,2201
